id,predicted_price
2591820310,406852.83563788526
7974200820,909342.820755003
7701450110,1111398.09767624
9522300010,2001388.4944955413
9510861140,750111.838782963
1761300310,259315.47974720196
7732410120,803582.866827402
7010701383,614250.7545264325
291310170,465463.7622392327
4232901990,557192.3755989928
6840701125,580067.431383692
3971700580,430556.4993813182
4202400078,244725.05571395584
6064800090,380509.77518870484
2626119028,202641.9038968593
3303980660,1056176.446119034
862000020,812038.8001641092
2386000070,897805.8188534612
1138000450,387346.7467312044
1775800420,458342.65633594926
2291401425,403403.5441438914
2025770560,944937.036159636
3525069037,775552.3723503351
9324800450,555744.3916548389
8080400136,579252.7777196313
8651540040,516395.70667439204
9407001790,261225.8714915436
1773101530,227079.25334189757
9432900250,347677.22697687946
1794500695,597780.0323844256
2220069003,400862.69676829677
923000120,480938.5411676875
5728000060,546459.1236621073
16000200,246427.56777916278
1926059094,505280.3150439008
6672900220,1002664.788036618
3629860060,834518.6476711648
1822069109,372168.45874179126
6675500105,372295.02260109526
249000180,1865111.073856018
226059065,509674.6149111199
396100110,272635.89332289546
9264450460,335178.66275964753
7853361210,364651.40164002293
9474700020,242697.45070459138
421000455,225798.27283765897
3755200220,436490.7713191719
7960100075,499315.7066799429
9477100490,402781.94964116835
9138100350,793695.1267710644
1624049275,479714.9611017111
2770606890,499026.6446671582
1157200189,425254.3086688701
2770601800,529159.5950018147
9301300805,571916.3905514281
2325069032,1129940.9877536397
1021079099,314461.2177960462
7215730040,759642.0587426702
1853200080,510163.7014932284
3224600340,688389.7106612643
3222049120,442052.3803470379
2113700025,259913.87415669262
7893207925,219092.25739576318
3586501085,546750.3187326844
8024200010,428960.71409015433
7116500705,189237.65057975787
1598600209,282057.154074386
7204200025,1094781.7353504885
4206901505,565500.8668923113
2937300440,903068.6737574437
7205000180,331594.1389896877
8718500665,384431.858568979
5318101765,946791.062243361
4122700020,1014588.1864234098
8078700020,553741.7084413646
3303980680,921848.1942397528
8924100372,1080795.210549176
2781270210,195991.93610114013
519000043,555996.4956919884
3225069301,1711502.3498954861
151000075,816058.452795341
2297400020,445396.0916882253
6617500085,720505.9643218663
104510180,214898.2345361345
3528900060,946680.8055822068
3345100286,461807.43991739175
1226039130,426690.64926096017
8712100720,836803.9709960205
3037200010,400629.2654926138
3626039268,424698.8558532208
104510230,231386.39905065743
5112800060,442394.5868834158
6072400280,649765.397443532
5317100570,1317154.3977381664
9528102993,520831.5887820716
2919201095,482214.7355102936
6181400920,252764.52659043053
185000161,243097.77967187756
8691400010,761983.4751270993
3345700165,525265.1520382497
6151800486,218743.0324838127
4340000080,1320007.7674728136
4136960010,576460.2173932053
3634100030,349213.96942177747
1624059224,930168.6332323955
2788400090,296478.4985828413
9828200762,457383.32160363847
7524400250,569140.2175940431
3528000290,744414.946767677
5700003630,2123309.358762719
2720069019,321821.14329206443
7227501170,234117.90424265325
2397101270,608063.2450516466
6792100090,717769.7409423982
2770602265,528173.9242009786
3971700937,276295.82069583214
422049203,221521.52802571584
3076500830,415244.518635785
1423400260,304918.43792792805
9161100795,445630.9764578134
3126049052,483692.8824903988
5100401468,386963.29750313546
514500235,430433.5384358034
1423200170,199920.94748680497
1402100070,400711.89402704465
624110020,722431.5388210493
2407000145,211215.34885385045
1890000225,832906.4053633665
1320069271,333045.357472079
5490700085,347811.4537062907
263000155,460759.36780861916
3726800201,439346.0610297734
5153200358,231274.35628880502
2725079018,883915.3900834674
7165700200,236140.3420101797
9429000170,574382.1605330039
8718500075,382653.05136166175
1760650950,310294.4857439463
1068000559,1245230.8562984483
4113800500,651659.3210874002
4077800507,560469.3672436307
2725069150,716409.7735659692
4008400035,743524.7036515597
7016310270,392616.4516782511
1432701230,233462.85781475872
3278606050,365955.4426485405
2473350710,388601.5169692883
2185000685,147947.01748700274
7792000025,367350.11510971165
6868200029,518776.4526266362
624069003,776422.5418059608
7431500280,867739.8335123342
3296000040,563857.2449337431
1118001215,1574596.3336683149
6453900040,649295.0951824083
333100209,766591.4511956731
34001765,571088.5138335172
8946700100,381877.9520099036
5561401210,524855.2992160573
6671900095,364306.34822729556
3275850020,717359.3898867987
3876300600,428803.28008036315
1450900020,261340.71300821425
8562780280,277330.97296986415
7663700973,292330.67706081504
2126049032,369865.11550677655
1823059159,153641.11057514462
3438503426,279703.42135926534
9297301495,556730.3580754583
7140700850,374248.0708014818
7942601805,747234.4208232254
2555900030,381320.9237558662
2887970040,252620.09923867587
7419700010,707028.8971168435
2239000011,381166.8025633563
9283800050,307544.4015672242
9407001340,295215.96375523065
217500140,515006.99363433145
7212660520,240669.39445447648
3298201170,341198.802609086
3057000400,304136.19603493484
6865200444,515639.0874506278
6071600340,517750.30597899767
6821600005,679059.1316614839
1235100371,798198.7111279573
7796450340,328881.95185231965
3603000410,166856.01102153794
9297300255,533427.2230694788
9126100850,610076.625026513
2770601462,492609.3532433598
2599001500,225660.78629300915
1102000095,730205.7585022089
1853080640,981318.4632957807
9551201585,916490.4625041002
3438500796,317953.62390996073
7518504291,560408.2754285183
9269200340,434792.24909151345
715010130,1687277.9306382828
1982201485,620472.3587000074
9526500080,390334.75404262345
9277200180,474734.3116518816
6669150280,281639.40339004394
8917100153,615110.3253212924
3760500516,1230648.74893705
2725069050,927952.7287283792
3332000091,310312.4603052175
8562770080,589930.945070277
8151601190,272894.99498138484
8563040160,609171.6426049108
240000269,877828.0567565032
4307350200,312912.21479440335
1311910300,233365.5529388274
3574900030,523186.1322764696
7853230570,434847.0921503648
320069049,396179.3461949364
9839301060,626504.4683266544
7011201333,726795.0677740086
2781320100,276481.668018355
3421069120,425492.1581411805
7852030320,443878.97768740426
5316101075,2003077.159034348
5309100750,547357.6743384016
629000730,734576.7721268557
511700170,299061.98685553187
1562100030,550519.5229948572
2489200230,577905.4489568404
524069116,518374.8163268683
5315100737,951060.4246105751
1868900675,784588.7274311051
1608000120,351453.2275259624
705700240,328053.3105060641
7575600610,284320.4669290316
1778500015,752131.1688636392
5423500240,187238.57386171623
6713700025,355172.7526394194
2734100734,345548.81673862727
301402280,202678.43772139787
2113700205,283374.182866293
4114601570,2804272.4535448793
3332000615,304523.0852822443
3630050180,377336.3631146127
6852700520,504781.0632000122
6870310010,667107.4799161553
6163900981,316250.6370829647
393000142,420845.7520378724
1771100130,331877.4588553548
1442860160,430453.6203039946
9191200435,592640.9461964839
6788200800,894486.7514749754
1115300070,649195.4361167075
3176600105,697539.2743868027
2770604665,598509.369411078
5469500580,451204.23417229066
5680000545,535959.417476103
3424089119,527822.3995144552
1328300180,322174.37973034143
1773100922,391076.33345005295
4123830480,336791.82611930225
9808610190,882375.1899421036
4250200140,247526.54698645498
4217402115,2956108.39262436
3831250350,392138.9354061893
2397101055,785458.6677444085
6817850110,813402.1387068036
7526800200,614526.1851428703
7853370100,636851.39381601
2523089025,957291.0358673309
9476200680,258041.88041507013
5714200140,420285.9028219795
3575304895,567166.7293908676
263000018,400876.41683544824
8080400177,543560.521947118
6450304130,332071.4743172392
514500090,547317.7129100272
9477000300,461821.0870716737
853600310,1357615.1759144338
1951600240,223163.66643084193
1099900120,321518.3226847647
5323100120,540292.8784735808
1223089016,438438.0034941109
522059172,264785.1061547736
1930300190,683848.7708316768
9542840410,317485.82355263503
8665050530,521189.01996415644
5592900205,391526.35061039886
5450300010,609499.1750583217
2459960030,344380.701858768
3331500455,535155.0875139645
3432500705,428957.2258664267
3702900165,352406.26663322427
5249803550,530027.3366736516
626049058,439298.8971947828
1788900380,186663.23850930712
8075400360,239477.18328155018
9113200250,694022.9511087904
2738640040,650147.5961906756
7821200307,505691.74971544434
3530440140,241936.92318862324
3582700130,432438.79023859644
9276200569,751067.2889812
7197800020,575542.3062058764
686200490,546659.8718706017
3501600100,372179.66317962087
6383000690,575950.7903589464
7604400150,362134.82430041174
5249801411,769573.3337741266
2607720420,471193.2633528616
9561100010,387561.7627699005
1796370590,235909.80834776172
4077800593,402143.9795133339
854000165,253992.18191440028
5536100010,877577.0492647698
4188000670,760779.435623583
31000165,1555745.0250737763
662350050,929205.9210096181
4137000280,277724.81202951743
6169901130,946317.5283410716
1953400510,230329.7228932075
7518506716,1033125.1001054347
1552520010,372169.35952269175
7955080270,301171.29429395037
9212900100,535224.2813879342
3438500798,318816.0399960505
7899800890,186641.7792771053
4319200605,508556.6037426752
1329300480,360231.32322358235
8935100100,842688.5770110711
5016001260,502415.2564177675
4337600280,325068.8512178073
1446401220,199864.46784748175
7135521530,647889.0923123808
6888900115,252264.87475022805
2413301070,291917.6305830575
345700040,259344.086764911
5566100145,457351.35845703713
7634800070,318488.1996328758
9346910500,620521.298331677
3529300060,313290.0246771946
8128600060,1188908.834135307
8572900275,178125.20433024984
4139420590,1313952.0078422795
9274200322,589049.6620520018
1472700200,524945.1922830201
8820903380,618852.9316530075
8563010130,900956.2539570816
8965450110,858094.0260072965
9274204230,509437.7435122605
8165501700,409861.51892123354
2193340260,503570.4457907912
1860600290,808802.4527346643
1222000055,190976.91938174627
2492200280,475035.6944050892
2488200455,352420.26238538494
809001520,1278242.0076424023
1796361140,238394.94802290807
6398000011,605247.1670604071
6813600365,587411.7177475947
7504100920,807145.064204755
8835770330,674405.8355208556
524059322,955341.8484250833
4307330280,415182.5509108851
1245002952,1043444.1861893611
2021069059,248661.78373944463
5700000595,656781.7173561654
3629970930,741557.9558320884
3336002215,238536.55432010433
5100401060,707015.5224230877
3278600750,304442.67400829063
1126069045,988450.428678262
7568700175,328804.8167021991
452001475,500563.63304952526
9283800230,436684.8873348947
1737300130,512288.79633479257
6189600040,510522.22844409785
3679400025,493419.701575952
1096100010,322748.96199170913
9513900050,255993.15359500173
5452800645,784741.780608541
273800100,236340.51525129718
7228500037,483663.18689791916
808300090,445696.9158490633
2493200215,518889.7792047326
5035300255,673053.1722774629
3380900160,384520.00380352815
3630000130,428355.65718646673
7300400670,278926.0893049547
6798100070,359182.251184915
8078400010,554228.0811531442
5566100060,575083.9613593083
2768200212,501749.6699324749
4035900060,555931.6102259764
9460000110,357220.70703788
7199320190,543970.1156833618
2225039081,475140.13946459227
9512200050,567274.6991778035
2634500085,321037.03488208365
3654800200,278613.6919334168
2724079090,1259072.7194194957
2597520720,740831.0897141104
3034200426,384740.11449898244
984000130,307049.05180152593
7852020670,434377.24132996844
7923500060,682843.8859740531
2310030510,290023.2780817292
2205500540,512974.4058318978
2493200015,383403.4639376863
7853361420,558057.2796942878
5652600605,551492.9779402374
5285200020,331518.9394551038
9406530150,352165.3773269483
5706300020,547703.4723055813
3278602490,418900.7478531729
7197000100,537335.7529774549
4447300008,524303.9177091476
7899800045,221914.53312091116
9250900095,355463.48468450963
9268851740,601876.7354573893
8682261440,481890.0652776696
7284900385,1028189.4472305502
8079040300,437830.42826280097
2225300585,399625.180774659
3223039013,437867.96514853346
2013801350,239864.00741099752
4055701110,811932.7664891087
3578401770,437944.81545549084
4046500720,549084.8011120895
6145601745,367469.5400172923
5207200195,768663.426268608
1972201856,572799.557345546
7212680080,242618.93851842717
7277100510,579270.1181195162
522079022,527233.7716789476
5605000440,803417.3948059378
6632300230,364149.24929339753
8815400165,658379.6227642712
6708200320,469936.8413827886
2426059076,571334.4034200563
3260200200,515091.41871579346
2770601741,490301.7250740867
4338800500,244956.5247399557
9201000320,709849.8276521685
7655900038,340340.8943470173
3625059140,579245.4430369493
4222310010,239735.4505082336
2114700115,305183.6643474549
3291800710,308706.1843008676
9406590010,447604.26961591747
3025059124,2991944.2718707267
7972601250,355507.58710666536
930000470,952716.6076185997
6690500060,499162.83187125734
16000015,197596.20827191067
5693501102,572438.4614774092
8079040490,447779.93633308384
7225000155,349366.83677052305
8819900170,769887.1913193376
7972601270,337773.24976007134
1224069074,834898.7894253398
5126900321,338222.65105750674
3438501860,270503.6114623291
2822069080,397883.3064810695
1656600310,556848.2596428351
3856900507,1246184.2310207044
1626069139,469772.04188237764
2524049257,1492945.0333550312
3904960150,545059.5513593671
7214820610,446937.7783998495
7977201845,609661.529097428
2428100080,865289.9816888064
2202500135,424830.41986669716
1523550220,660698.2041778946
2313900610,461005.1730854689
4123840050,369054.391585875
2125059124,1209142.5743476115
1225039067,471390.492221042
6431500283,469734.1300244996
2473380010,299399.67827165016
5694501195,445024.05793592025
2881700046,358173.7139354909
6837820330,310819.1150396054
2337300370,200830.62321357586
3876540630,167346.14859170798
626059317,332985.3847128372
3374500520,360287.8971315115
7228501903,393905.7298196778
4019300051,477829.0120049298
4232902615,618748.7231123683
3546000090,252449.73665952293
8127700215,755599.4361696275
3438501100,449089.91416875675
1769600066,676910.9701980375
8146100610,612322.4249050168
3052700695,557823.8152290432
7954310210,599058.3158591414
3761700053,2563176.0962111442
1320069179,460719.0206906487
1331900410,701564.1819140328
7303100210,288062.7360653314
2464400285,520161.2304555245
6163901150,379949.82063895935
8955800045,502820.3347603094
2314300200,449121.7296640899
9528104360,408822.9884642472
4177100005,626961.1205719457
8856960260,308542.53915485
1828001220,686163.3694123077
3066400710,708036.2036954738
624110610,865527.9180468763
4040800260,420196.6083101351
5019500215,503697.0689446207
2481630180,1194007.3330632858
7203170190,675734.6800273859
510001280,900033.6974254191
9430110120,748416.3209248737
1565950030,335552.64878253144
9828202255,819056.8429113992
3878900270,471011.39177743864
8091600080,217103.02180878157
1112000035,308714.76764272305
2228900270,290243.7215655876
6648701740,289436.3724384784
1245003740,632230.2485024928
2174503441,566768.021146839
7708250010,336954.1179140289
6072300110,577231.2987465739
2329800140,262440.86335506436
1494300040,519445.9758729009
3832050130,268192.08081531787
7203100730,858858.444570885
7199330170,457255.5004248076
7785000220,695788.9754840682
1250201175,423054.97198205855
4054500180,1017208.8083473089
7905200061,435628.2938391801
3751604895,190425.4368582374
5220300140,302402.8574763541
3323059027,330311.13074070687
8651611980,824974.6918700521
8673400190,535504.250415392
1668500100,840834.8061061067
1023059365,638959.7088858272
3308030060,349184.1953687772
4232400860,929626.3149249096
2144800615,251556.8111750495
1568100920,2160103.119435296
9406510040,506806.45394186635
2923049421,331157.37420994457
1051000040,1379086.0579314036
2077700042,676037.0895941944
9423800030,274323.4651768913
9818700455,641313.0693533659
7133300675,385497.3782126275
4113800550,650585.2435815486
5553300375,1795924.2173933727
2025701530,274292.7804137381
7942601155,434546.8619414669
7524300020,281614.2546191453
2520069100,301604.35147258913
5412300410,227657.61001277246
7504110760,694509.0561613345
2594200350,421277.82598841033
2722059013,300322.33814684494
8078430480,573375.5103900268
1423069162,482903.20262003085
8856001090,158309.15477931456
7000100631,863306.7949291143
4222200280,231511.65995055353
7971300050,599729.1131526716
2009001600,263359.9681211246
6619910140,688968.7004456553
2877100985,525238.9917922417
1196000007,287599.75414757186
1330850130,749634.6033462893
6664900410,247065.4577777297
1231001110,277269.4174296952
9235900030,282593.78570481157
9407101840,298426.1628642203
9523103001,424609.38485482614
2149800278,430708.29327480716
7234601198,678939.859387035
9476700035,447365.58567277517
9297301065,729204.8732714693
518500700,838836.1810786176
7843500090,321589.3266740858
6056110780,323920.5487852017
2345700260,328915.3105039462
3509600070,251442.93851835732
1431700280,343120.2063776635
1623049174,269716.5926108464
3024089049,380020.17387927714
7853340450,379014.0804862215
7732410360,783073.575994296
1446800995,302581.7664829349
2946000285,227734.0371449474
425079100,504597.60157290235
3876313040,436730.31345172826
1762600260,974814.5946151569
1925069121,1110123.9869412945
7443000480,845415.5051572637
7820000015,326662.6271649817
4027701253,489484.77843064244
2826049165,367719.5893457943
5426300060,778434.6777557407
1278000210,246474.5866416655
923000270,366803.7612555396
7657600005,265739.83947392774
3024079057,376835.23270110216
3276180020,296962.21397392114
7304300760,295236.88702940044
3908100020,556068.6063233365
8835400805,711620.935667332
4051150070,223851.10196552245
3904930530,482666.98037432705
6163900971,376522.9680989615
7942600310,420118.9683556618
4365700330,253409.1047880869
423059207,274325.1297976691
3992700265,351883.4126495401
7177300090,483551.1211391094
2540820010,668045.7163103777
5700002510,1131511.4500099705
5201000030,568943.4511280246
7631800015,2187916.924697283
2922702965,662673.3018932113
1525059198,850947.7581898932
1245003160,739998.5827736267
3810000455,296281.1149119614
7855600080,644216.0793272683
5701500030,1203506.775008069
7504020400,635053.981024587
1402600570,309394.020998281
7575610760,296730.37420159916
8731990370,370201.11549839156
5021900090,799126.5884792231
290000075,469688.6452275048
2841500010,424485.2188147434
3955900830,454482.9163015826
7852110140,552659.315403402
1311400350,247739.24904922734
7773800015,564653.2446615889
4123400320,518570.7404329158
2725069157,900807.4157122293
666000143,803817.0294017949
5101408678,513876.5905669142
6371000026,346735.2844667989
2024059084,665582.8366345464
7283900036,331981.71526874823
8881900230,790988.7042022136
3959400135,409612.6941556949
7696610270,218825.74331194183
1689400150,838197.67248357
5103900015,434270.8641587272
1441000350,407014.6192113352
5101408735,349303.30479340826
3126059027,2397465.356317081
2320069014,544733.9458872863
9541600015,642360.0058591473
8682320420,728803.3643682551
1562200090,597849.4343896086
3395070980,561608.3722884478
7349600230,242861.04575584186
522049122,251248.6512038571
869700060,296136.68920825626
811000055,1370933.1679360182
1221059176,429254.43989118905
1523059103,566470.4742578196
2025760210,718270.2363446058
9218400088,336633.1950130366
8682292020,467497.0660576381
2623089135,445157.4598731259
3758900259,1445539.2610062333
524069049,525996.5934281533
3121500150,806582.4428775593
5581400080,749803.5061770704
8087800020,507781.8672177544
4070700290,755007.9651454227
3296000170,644654.7182957553
9238500040,512116.61527643737
2744600040,338969.521194032
6813600380,635124.1405765782
6140100150,533622.2547264762
2201500555,446688.33931994054
2600110250,638462.1389291128
4337000275,181541.65173209234
1186000150,606714.3010039594
1972201963,502779.572943009
1105000745,426886.18188827886
2887700560,552972.5132832492
4039700080,711005.5908371522
522049104,267130.62464645953
4202400078,244725.05571395584
7520000695,199143.64784272507
7714000310,364930.4829437923
4319200060,741128.9438852113
8624700015,620367.1641694879
5104520610,304730.9499278543
2354300845,316729.45057047694
3824100291,490792.92503053043
6151800612,244288.6271188254
5454200080,928463.2257048142
6413600290,336965.6153770505
2131200065,310485.24796756357
1459920010,285484.22413182515
50300090,397007.8720136169
2326300090,672500.9539436323
7714000070,365105.82608381205
3630180500,930619.3369323896
1727850340,952165.731636
8691430330,979835.8318464224
2310030390,275004.59139801527
5561400610,452741.7014353847
7010701016,475837.31584301835
7883605915,218589.1767063178
1282300995,378214.8674723955
4040700310,474973.7357849913
3353400435,235824.1275214188
2143701015,540812.6130038665
255450020,391716.93712647114
1020069017,410092.41494161607
4038200120,493007.9169418963
9284801100,325414.9907692474
1965200075,657091.6993552557
847100047,550348.211274715
4038700720,532914.7415716832
6815100085,897447.8091311951
2508000020,333459.4483626476
255520180,622901.7195590406
6822100750,583441.3445975448
869700050,329935.63689346664
1775801405,599810.5192768462
6600400090,226411.11943961555
7202330270,468734.26010010176
1683400165,785821.4947991887
2625069070,1102182.2109042006
7625702440,414343.7330720766
3388000640,239864.95381468686
1899400365,292106.6229860879
6899990200,884443.0732349732
5569700020,905252.6467942551
986000045,309501.5168753185
3293700221,335833.39493972936
3764800250,351170.92407295736
2291400566,390477.14950312366
4219401236,1411489.7140589454
4239400840,161277.35174983885
7211400990,209515.675762808
7696500280,206762.9557363405
7215721070,511116.11386885005
3204850140,355207.9640037524
4322200220,701541.1567846087
2566300100,1145000.4837312694
1944900090,432032.39263308985
6648500390,294742.78081245226
7385300020,732514.7382995911
1704900135,354994.80669935053
2877100655,737308.9504682148
2726079098,625771.3750318694
7625703800,479429.20120600733
318300040,581322.1280102427
7922800190,519637.194214828
2023049361,227734.98266512805
8946400210,488185.5651606111
6071600450,559220.5312132097
4343800100,403593.2466268757
1443300140,362533.1934471641
1024039001,874225.5415353522
2767704860,593871.8283392708
7234600851,655836.8912502258
644200065,906626.0794563701
7784400035,710195.0932906064
3826000560,229176.18596859544
9272202260,504920.75168830313
263000253,439793.04233944206
3621059043,649734.2445535631
240000130,543638.5860906125
1352300120,197744.92494277627
7849200861,264302.35022572265
2487700130,472240.7259951239
1796100140,258023.55285037836
7234601221,544734.527758313
8651710190,462040.78547731694
2916200091,604770.418664229
1232000915,547030.4158909101
1545801970,270274.6871484913
3211200420,327429.307914048
7686204675,205885.67894008517
3141600210,203708.67926839204
3959401284,510384.80400299194
2113700825,229630.0192864371
3876000710,397345.43295572477
522069022,521031.31424552394
3214200070,358846.8724520345
1221039156,293907.6051412415
259600790,453498.62059615785
785000040,512818.2552355003
8138870470,493182.9209331325
2596300035,327612.6525649032
540100057,1333679.1537383657
3073500045,597431.0964403152
5363200266,397929.65242323687
8682261650,512154.427370212
3224510080,812680.20479287
3211270160,417922.508527856
9269200520,287342.088302798
293810190,504869.9923198256
4197400043,332530.9306064395
3026079031,294419.4013128203
5332200405,938254.7075890297
2473411210,319398.41822455934
9268200315,549147.7721047696
8123500050,651512.4272559352
3221069091,516172.76686333364
2485000165,595986.8793397105
4058800215,646441.7419878923
1926059039,882196.0241735056
2533300680,911016.6668555046
3343903640,396615.12618407916
5700003705,1543918.8678475076
2023049372,517287.58603830077
4058800830,537049.2103701279
3333002302,430737.5660414711
2944500340,288205.1339220526
1982200790,561504.0277532846
8929000270,494264.69371857046
8122101440,300941.86503293714
7525530470,749509.1031718029
9332800020,657193.2627823234
3878900525,258669.63856537786
5420300210,226589.27715894545
9232900165,346194.41685413965
6414100026,412598.721025945
3013300660,860517.8259049634
7954300120,576049.8549943193
1081200360,317612.8735884173
2877102345,536767.6064387013
2202500255,473173.1505143176
7984400050,209025.90640492516
9558020380,459387.2689105991
7812801850,177950.46057227542
8944460020,412139.7576892519
2306400040,572873.5719052628
8649400410,382881.74078507023
7889602020,249224.10566951145
2041000025,517430.0400282667
871001484,594260.4254766334
2767602141,516035.0568918404
3630180470,787797.6926823461
2769602140,437029.20027459244
2473250280,317138.6916959092
5422560660,530883.2787528755
3756600240,366345.9674832308
8651600160,725476.0250218842
7202300540,860814.4869872939
8961950250,440385.84359143436
3303000130,432043.03860630037
798000062,274070.12994048226
1695900150,801174.0320302694
1604730150,501487.2839142974
4136930310,371687.0050136666
8835401250,1493029.8974716214
8665900328,389243.5808132845
9262800255,269892.6970808999
1853080570,838975.5515458995
5556300114,740534.5840585134
9517200290,441533.8071295493
4037200295,495219.4678590125
7417100123,380030.47475000174
2620069077,205423.1763108063
7922720040,667503.6647599519
558100090,547883.2055920255
257000037,314833.8160596238
3319500385,514851.06621263415
9297301520,332265.6235104892
3580900090,360349.2098297265
1321039076,177906.41053458484
7227801581,302789.5386188028
9407001620,297052.7283523188
2130400150,312259.5597805847
2312400200,261776.89834847394
4046700210,427160.304560538
1193000480,1040601.2134952042
1492800296,504539.58113149006
3013300017,388819.8727915983
3630240140,547376.1024790895
1049010390,319646.69812914357
9320900420,163912.65077500985
4315700060,369821.50347936683
2591010290,330977.055103192
323089085,643778.5460374455
6600400270,208025.14283621532
2919701105,498298.9945222073
7202360670,868382.9308093215
8927600100,798988.0380886899
3211700045,620903.4945804514
4027701326,476920.4182355433
1601600195,275661.24815319426
7853280350,754210.969879542
3629970130,716996.3678959984
7203120020,792285.4886795322
9542900190,360300.20772797725
8035350120,507946.5471422799
1238501184,997864.3958295461
251200240,470479.28270886256
8945300200,198202.71164436534
2162000160,1206529.9063221342
5466310060,174824.3448709763
1239400064,788087.224620653
5205000020,335144.78899141017
1720800305,806451.0058949009
7280300375,562779.0609716143
2095800400,473829.3357849957
7852010950,550198.0063620398
1428001160,552680.039763568
9528104910,674945.085037237
8644210470,866755.8795830902
7923300310,494770.7884743078
254000100,666957.837383838
1931300688,504511.9859415655
7007700030,446244.2817035757
422049178,238429.2514112995
422069067,452949.16255533125
2923049393,401340.6369303963
930000305,459192.68399332324
2461900448,493983.3950580626
2610100020,282059.0511306534
2895550050,225808.50891049282
7701700040,268785.2297296303
2460900020,523723.43617065775
9827700105,564382.6407630021
1005000240,268385.42442256317
7200001254,531900.9663801031
866400040,537350.7887754793
305000170,661663.8919361508
2260800110,910451.8436542925
3442000127,709800.0453117026
5253300437,474189.89024291106
7576700150,1012316.6447358229
5469501410,571066.0334019044
5104531120,951849.3598332977
723049434,322774.09615004226
622069006,1663648.4557553087
2517101200,319748.54286494374
8159620160,234409.73392182408
5561300640,454025.1146200377
3317010130,206759.72620689645
4364200250,366631.7593137411
8732300060,710303.3174555858
5603700025,738723.8776990211
3585900190,1173514.5245248359
3996900575,243713.30686093683
8731801260,220745.10396788985
3810000860,376019.2571980834
5700003585,2287498.918583875
6332000050,478358.7819145178
9286100250,408564.44398205244
9471201110,977878.3913556207
9290800050,631422.2874404175
7300200400,646120.2482448078
526069024,889824.0684176263
1454600156,889797.4027985164
3904980360,522498.9559018339
2626119062,330961.52871200326
8651730290,458048.57041197695
7611200195,770535.8811895103
1919800260,676895.3655496408
6632900354,279912.80201006134
3972900195,323132.94204828155
5151600170,346189.75752362603
7016000440,470242.4507929471
871000435,771276.1338091146
9578060540,520514.1255350824
2332700060,843315.6510471823
766000240,260895.3379416309
4363700200,282546.73464935774
7100000250,339718.23508442735
2781250560,246193.1361518665
2781250100,346010.9678549166
5419800220,258117.15886267027
7147600245,266393.5494092266
2926069083,911876.8939278023
6189200125,826181.0897368676
9542830160,292539.2163446478
5152200020,283600.04650218866
9412900045,514107.59023840225
6600410480,170492.51831730778
6979970080,570357.7864551418
5636010280,271424.9707425563
1732801300,813882.5022295753
5561401530,479459.1148378348
9578500510,350590.61873615143
7304300906,315562.54348128184
1223089077,642627.7094730859
721049207,248298.21149984506
8691330310,835143.3425472376
1523069204,448563.4174872439
3188100105,629140.6268479625
6608500290,385994.5190298336
2891400410,358087.9277899981
7663700551,324487.92096556886
5413200140,233368.5151243912
425069139,582932.0813556897
6713700155,375908.7511173516
2767603505,507764.6743883258
7789000080,257860.9019998557
9211500620,243663.8594671351
3750604417,192537.91744797438
7922800320,555495.2745838957
1471620240,386061.5148811692
2222059052,360658.00501700933
9551200270,1060281.1483006694
2767603160,557918.6039583276
9406710060,363732.5801059832
8929000250,383541.34192351805
5538300120,444596.36686657084
2223069120,428759.23331058415
1652500060,1795767.232221997
8564500240,407182.52578375814
3629700120,661367.5922664
3943600070,424663.5551658509
4171200025,301479.43103159725
2425049063,3427790.46677223
9828701650,435937.1803048473
3581000340,349065.17470391013
8100900015,395971.637357025
2125059161,1023606.9621292255
304000380,328893.3030291903
8146200070,1380953.7481317816
686530170,574215.5633012257
2917200645,470336.61559803627
9547200530,905405.4325476123
2122059199,257274.07676378597
1150000740,725800.7187392005
5706200060,295430.31696624
9265410010,216847.45915325996
4083800555,496975.51306330477
6152900332,349400.14430348546
2520900301,208741.84898845598
9828200790,551052.0079897955
1657530180,268266.8874593353
7471900045,276520.9609038072
9828200460,469255.05572743446
1775900140,468954.2497415821
6139800430,432344.9778711689
7214400005,511103.9481901195
5332200026,568094.500504488
9510970300,794471.1426283107
2540830020,414370.3235510539
3392100140,186618.2041975238
1326069191,331728.8633942986
2125059112,1097045.6077848815
859000022,330912.9417326838
8854100350,704087.3405307025
121059007,244514.797947113
7977201707,531985.8732294708
3859900060,3166358.9925342402
8815400735,786666.4289737331
705700530,330689.3150274968
6600780130,343945.6485553953
6378500105,444920.2243141334
8143000310,458179.23716831545
2877102330,667309.8600892333
3526039074,626188.0696988242
2115510300,255400.67307555798
3024059014,2102367.40285045
2141330360,585234.6233189533
546000400,484895.0547638518
2071500011,418154.6643226134
7972000240,207282.56432128727
7016200460,466710.61070100585
6204200180,403178.49475166097
1552100135,1214194.3089721706
88000173,465936.21767682245
2581900235,694756.6770417653
9211500560,246320.61583185272
621069218,382678.99495460186
1321970240,292380.3122706895
798000630,354386.61372976075
421000285,267374.6991873279
2824600180,864307.610754081
3832051140,320208.02851530537
1237500105,699338.1583167322
8802400906,250945.3234476301
3166900270,430228.46337240626
3682000060,374704.32676356885
5469700020,296759.5415728577
1245001820,636846.2479684792
9547205660,595804.5273061198
7974700122,699745.9681563445
7550801225,594747.9237046553
1099950050,720424.9450176687
1402900460,317272.00049122487
7636800041,1291943.253541457
2115720270,252934.02735816228
8651441750,199157.7970778148
3904100035,261421.7147519728
8815400020,600428.9820470781
3303860590,478586.03231570346
5427110040,941935.3453123973
1782000160,327863.5255925121
6204420290,472802.57398282835
3995700245,280960.94431420614
7955040130,461601.29549682373
1442880650,530139.6935180546
8833510230,1079641.3663232687
7283900551,497221.56887117564
4396000180,287857.78885919205
7504021310,676533.9498467341
322059264,313694.1063347463
3654800040,276287.4039617309
2767704777,503511.67712195765
3278602190,384640.62564320664
3236500220,519419.8166211996
3410600100,297680.06445708603
629410180,742997.3477746876
3352402250,137716.4676890595
4363700304,318293.7870339392
7237550130,1237920.7977654254
9808590210,1027569.3048742873
8074200175,253098.13730108307
3463400330,405997.3475344949
6306400140,912065.5603832123
8564950250,489565.57472696825
5381000070,211734.04093186188
9826700697,518306.0858399726
8132700190,458285.3172691103
7943000020,180828.75353813483
9547204675,551129.0290237037
4112100101,476860.78851780435
727500030,670521.9452980687
114101426,335034.2994996626
9274202005,727855.8230701177
1193000380,834742.5492349195
3039000020,438871.2349031841
7852170130,648735.2359556116
2624079010,611768.570446773
4137010540,284438.027162802
7576200012,1011371.0373412364
1138020020,355726.34805097897
3969300030,200092.42968215595
898000200,209484.2837045915
5153100030,280795.36170625675
5104532030,546639.1677818298
4406000050,226413.25450238065
9274203390,587182.1576802073
8682290360,453901.20688560687
6928600330,224610.07665497783
4139680070,899309.8538011228
6844702690,453263.2718008156
2154970020,2333420.7126772557
4385701285,1185722.561370625
2426059071,727013.5123576197
2867300160,663467.2608805229
9512500720,549573.6684630245
1773101020,296915.44757404446
8687800100,313349.2575661446
3627800050,1567530.1398496616
1604600227,312339.16218960966
3300701170,457585.5272769994
9250900111,473009.34723891335
7015200790,615862.2840541082
1311100490,213062.27307963645
2469000010,920640.5723356595
1982201596,578161.8142655534
1862700290,350923.0339905183
2586800270,249383.6649371869
9528102772,485393.45935777546
5490210200,426636.42978958506
6669080020,463533.2773727753
179003055,257984.18024650594
1860600535,974677.7677677542
1592000130,617090.2219180318
3905040170,551660.8296567417
9320500080,252316.72825747478
9276200850,503403.30446256156
224069114,660677.2650601577
2260000340,602625.3050192695
5096300130,450487.6503508821
3432500215,359051.04828574095
2600000050,717427.1446080852
8856003839,233935.03895327303
2492200435,437556.50858770724
7855900110,1183116.1717260703
6806100250,313519.6640449055
2770603523,511464.4165430427
1370800515,1891821.8997671905
2726049150,461519.8442084543
1226059161,607135.9666729155
1068000375,3626782.092252096
9528104109,461432.9269951746
5126310060,501561.8973011134
1951820070,565450.2372295774
1545805980,371131.88851085
9464700340,916294.1377435054
4319200675,849184.5105488157
7518500885,577796.5938868828
7852020620,487866.8740650052
869700370,333414.83114965685
8643000190,264258.94419690367
8902000267,578452.5659315054
7972602435,252967.0956934714
2050100210,865464.6635921157
6705120540,489129.0691955555
2767601390,607773.1310059704
4141000490,1329610.8382251868
9345400350,729976.1871531341
3222079162,322240.4161965282
7789000120,229803.48833099823
6646200770,729704.4202706292
6666800180,832665.1588305495
1725800280,482443.7450345254
6117500460,1229832.999142885
5470100220,241039.02691253388
5457300478,496406.14229565393
7550800195,562502.346892382
7787050180,577273.8298909535
6204430250,497513.8059229333
7640400250,530036.1046192214
624110920,760725.4852465681
3629920140,350527.6295606237
7173700518,667864.3118076721
3210200395,220855.19056497808
2473480560,403909.5355446268
2623089141,498945.6493479922
1423800080,234376.12841218733
2076400050,312401.8881490635
3832060120,296059.0963065721
7702600930,412058.969713878
5101404555,385674.5505230956
3723800415,375372.7249863968
3356403400,224003.10942192932
9214400125,534112.170548906
1797500530,560674.8442801099
9551201660,1183498.0984261488
3878900815,339167.2738969784
1760650280,335990.3693056915
5466410030,226159.69382421835
6388930620,607982.2508651615
2331300395,806841.7292663137
9412700160,297997.85838402633
871001611,616609.2417829734
3142600120,600866.3229424738
3995700220,342263.1739040303
2310000280,285006.1513905885
8039900400,400482.0266897778
7504021510,703734.8488646656
1959700445,1632687.1162241467
1556200155,584935.0637632684
3629960590,398475.45547602314
259000240,474576.0595180693
662440020,426133.1448057226
3123049142,592088.0333948063
321100260,792102.4696954824
6840701095,528161.4732717171
3738900165,450972.77019322914
4427100130,408642.1997655239
9238500100,477533.95089908806
6145601810,374249.7297935228
2570300090,377811.36247701803
4017600010,467267.5421197024
1005000220,376084.0022026577
1257202120,461418.1353548303
9527000490,488742.8359144497
8691400080,728014.4923791324
1726069084,428751.43403324694
248000240,189034.3338886385
6113400046,370167.2206528446
2130702350,393005.1330095156
920069052,235415.6057508793
6071300160,579328.9957660252
1623049041,149228.415076845
9268200285,369202.23441441415
1843100520,346541.2891446509
2887700826,643053.4309515684
9122000385,579708.799649871
9475700220,360220.7888756006
2804600005,749882.0316496189
2896400300,366440.76215317944
5015000180,708054.2304429142
3630220180,827963.594350888
8832900780,506444.0970504673
1568100300,442029.21598283265
8718500610,408035.5401947136
4147200140,1228254.1098600684
1973700030,1065436.5485432465
8862000075,187421.87187588753
9320990110,281960.1687997447
1151100035,387530.17547645594
2011000010,217276.44493446505
1651500060,995222.6915622877
446000190,813806.1942493675
2344300220,929862.9046665889
523049195,233355.16444446292
9191200015,635155.3724529573
7942601410,712647.0962434537
7137800300,212098.60190127557
7853300280,529433.4149564056
6654700240,317389.7572910231
569000050,594033.4773622572
3584000180,219399.738687315
2026079055,305676.31016664254
8898700880,263252.78118838987
5075400150,647116.6211423546
8731981360,356461.6052763381
4222500020,231162.2826088943
7996720050,579333.7004610765
4077800094,637141.9819251738
6446200365,645587.5466179199
2824089053,524447.1882789183
1311800220,221884.9329428177
3522049063,628129.2727716343
1721801280,192380.03011114872
6131600240,198107.7566876729
7202310040,651983.8115094323
1123059125,559046.8802142828
646910160,234683.29481726157
5630500005,402869.1165806469
3342100785,317459.4991166731
9547205610,630873.944316074
1773100123,283620.5847633018
3353400092,313087.07040635636
217500015,387213.00354908244
3649100031,405633.2936543886
7896300150,305112.0435073002
623049185,256658.4431005716
1773100430,358270.1853534767
1781500220,837979.4219179817
3395380200,201431.21574982515
2424059170,3125959.329903434
4389200765,1581111.3609427395
1543000060,464490.9294692601
6154900005,605211.893317514
2902200240,477122.92364128144
1442880640,552460.165137995
8562770490,555642.1089475993
2768300655,570854.3028113141
3432501315,305145.7815059106
5035300570,725062.4875997888
3626039028,405554.5046357611
3876540780,216336.29274182694
327000100,1049450.6024116992
7551300065,486076.5084958319
1312920060,228360.44377321424
2215901230,265202.1145758192
6306800010,467876.86421674053
2767700022,504774.340099922
5589900610,575921.6310581203
4320200020,648759.8648901482
5249804655,632791.4144564895
9238500480,478035.7386506696
3885806565,1081528.3736371584
7905200205,466261.7597832787
5727500102,315955.0856943278
3585220070,372053.1554250669
2078500210,531259.8524392542
1839920050,399764.5286897791
534000080,339910.8929518232
856000255,573254.8762959697
4141010110,1782846.5683278346
9558040820,609892.4540233113
7768700315,1242450.9485471803
2796100640,290342.36079767696
1922059010,242767.32209380215
3448000542,241841.19701417634
3883100220,270190.8457667073
7237301210,259640.74259088162
3893100456,900844.458159315
9578501110,366983.2071492208
6145601995,461565.13057622674
4024100120,315853.86241078953
8899000050,352771.7045626689
3396820010,572040.1525697708
6749700117,355049.8010219441
1954400060,519342.3066566711
3303970100,691736.2284472771
2540850070,459160.3115814879
3797000745,496535.61423104483
7883603700,237333.3860034433
3438501452,456452.8475223246
3530210260,701971.3401045002
3598600049,167677.76824967566
731500170,379933.81251887267
7129304375,177202.36079457155
263000006,400876.41683544824
7212660560,316439.6928673527
1112700010,428831.6448081013
3420069060,721452.8407501009
2473000470,423415.07111938857
8691390980,729095.7931170923
6184700100,480022.87474732095
4476400275,342061.7153112117
2968801240,281137.0363073965
1529300160,431657.36393036705
7640400070,660734.8285999101
7016100380,432789.00701411796
2172000890,476432.2261849979
4035900015,708779.8832159942
9528104660,935177.0358870343
507100005,362515.7844002694
2783100160,394905.5534407597
3629921140,823298.797742842
1099750610,268743.41024600546
1330300451,1152443.4557040455
2757000030,837903.8273305291
2114700190,347626.9342512031
2050000020,972373.6661503379
3832500790,253939.2786589069
2612000390,374688.98454512167
1483300430,514547.0320754024
8899200720,295064.07358548965
9183700470,317099.21923464944
3530490031,197576.20741397332
7857001225,341503.4124669994
7920100083,385196.49814846506
2254501620,422525.534007488
3303000130,432043.03860630037
3876200070,421537.48525392544
369000365,401854.5403220546
3052700385,693434.0705737052
7856550240,801254.9804106745
7300410110,369006.93991502235
7201800300,410967.65779769805
1695900060,497109.61893545825
9429500146,1105880.8699197625
3629910240,661672.2553169361
8805400090,255086.33066423665
1022069050,279919.6709300478
1138010530,376832.6952672374
7877400266,176499.53147789394
7974200452,1055466.2375634483
2126049265,471848.28276061267
9547204350,680915.1254179949
5560000680,185383.54083802152
3793500550,293919.4897940195
4217401195,974288.2660417153
1826049408,402112.35093029274
3905100210,479419.5705309194
7695370160,536843.1630512585
3210400060,226280.7116680951
6146600170,152616.3397335796
2767601750,476227.6593665457
1773100926,382423.7830521134
5700002125,547274.3374852714
1951100100,207489.33472296313
1402200340,330131.5624662511
8044200200,400816.06823110714
66000070,352429.5417124896
5083100065,186317.28105408562
4027701284,377557.00624992163
5693501100,567155.2532789457
3600072,549967.8472587493
8078550250,294423.7619380417
1922059046,292104.9730806007
2902200016,618967.5793789232
9183700845,187671.72852378548
3333001997,348554.8191019243
1432400525,264813.64417292696
2824059128,510013.0002033526
6453550090,956572.9768540758
6202600070,1344479.8450505547
7524100280,229128.5289188621
3524039224,971186.1320759774
5739601300,593642.9206711992
2473000410,406956.15530784347
421059018,305304.17583778634
4232901120,704452.8519467654
5559600140,211323.0034325673
3797310150,259172.72077363785
7986400265,818521.9103650812
3025300095,2551263.7786665843
7524950830,555608.2389642942
9407100730,268372.38568325713
3812400854,432671.4806631155
6002400030,401713.0216090505
2212200090,253958.65526684874
7202330610,555941.5437055348
7300400170,306326.25167905644
8965000110,502364.32442835154
3996900125,306695.06133557175
2221000100,276323.09387914
1524079088,303376.6322457258
1133000036,373050.67570530786
1868901190,674732.6082546494
4037200530,508011.20272216323
2095500120,334314.1233366173
1995200338,793781.7667664202
8820902350,791563.2853824727
7459810210,381972.63794552203
9536600010,526328.3408393159
8085400586,1623285.2272357638
7518503065,396036.91048053704
8682320350,647260.1668362689
3179100790,724954.4817557428
9828702666,515092.2925872379
6713700250,576063.2390006777
2141330700,624188.320044365
7519001990,452492.89676914667
3223069019,298994.170698887
7994700030,348399.76479565055
2592300450,311630.3128549289
2792000010,405906.3993674484
173000025,415615.68567556224
7203150330,644475.812864504
3305100210,917151.2775595068
2581300055,852151.3699934158
6613000750,1480428.4632051105
7015200685,679172.3972780945
1323089184,444520.0642335911
3793500510,390067.7061305403
2225079030,412380.4197176713
3578400710,424482.0979751271
8100000090,264027.18439033825
2095500040,322777.6459847072
8682281710,683677.9477169994
6163901380,300964.5825939991
6918720080,624895.9571264875
6914700130,477564.8484873264
1205000215,519184.0156785593
3800008,295893.9454108994
6150200180,313973.8752456478
1223089066,819136.944705406
7768800290,805669.6473361901
9285800330,862991.9067289786
1974300020,564428.8065433111
7628700050,850068.3280060308
9376301800,672495.2305185703
8651430220,195167.08502902885
629810350,819305.0008166629
5016002180,848855.7435337947
9558010230,349599.2299837286
8732000390,234537.00963944048
7899800586,322763.1545724377
5249802460,425141.8417495856
1446300020,593748.7958374076
7785380150,508298.5051849836
1245500950,665783.8012437584
3362400640,596669.5572767729
7578200310,691259.9828109952
4137020910,282850.67292683787
11520640,772739.0742506121
7972601995,227112.76954707937
8122100160,429535.55565786565
9456200450,290183.8796350376
1328320760,343360.62415049
4025300285,330870.5027454195
2721600125,1084662.8309629892
1123049027,203452.84001847124
3542300060,209348.0419941803
291310340,527500.7585336175
8651720420,434407.06128558243
3298200790,406902.5439197369
4037200585,450727.6460979934
1329000090,1487838.4607760615
9279700013,1209877.3507508526
4151800265,486410.8593565667
7760400210,241901.52838839008
5029450110,224604.89824588687
9492500160,874946.8092616008
3578400270,441615.7574214308
7606200090,238599.76621037646
3682000050,368675.6263978252
1250200415,338755.906033485
629811600,694761.5272069864
1839500115,321433.24892965367
1176001293,1556354.2654692412
3013300409,363926.0179377647
7853280370,811082.419464936
3275780030,591599.414977872
3336001946,222549.5087473251
5456000110,681720.3603388888
2473250400,270626.8316357199
5393601635,556352.7095867032
8820902905,333354.05864158156
1245001659,719040.9032075823
1523069215,383402.9664276475
930000234,473886.8232086999
4083301645,705610.3042458737
4055700778,631488.3594304005
2781230080,448819.1498277577
3629910210,666639.1098621864
7856700060,673914.3279875907
7589700055,468530.7743913599
3888100043,408405.63019669766
6381501636,384785.95328788605
3303951150,360573.9859047035
8638500170,360820.29225304275
5635100050,414823.5239413186
8820901792,761842.5461179023
5456000025,1244530.1800901361
985001275,159911.80441001136
9560500105,646109.0127371356
1421069117,212907.3054359349
4154300296,335688.6213377122
795000620,172521.5270727672
9828702335,528389.8870649445
1250202145,1070089.690638579
1163400070,270901.4120619304
5652600065,648698.7122066668
1042700050,825542.9504036381
8899210320,376814.0327049476
1651800030,1775933.8613254726
2919201365,713985.4672439472
4365200895,316333.9968042539
6841700100,855078.274598845
7376300060,478522.77463695174
7852090180,531010.2464130977
9222400565,596204.0133495531
9542400075,934572.120519264
7338000150,177067.60561227886
4322500110,595995.7140181552
7694200070,446808.86467189505
9321010130,273123.6726461501
3204300455,1223018.3894950661
6706000040,276113.9007234187
1565930130,437462.7546772068
3279000420,231846.52833148363
194000575,542236.3192431295
2115510160,264895.63955504965
7522500005,577183.1556881447
3787000140,474320.7012614447
7852110690,642603.0359490485
5469700260,342831.5240348906
8691410730,725024.5095275557
114100763,252550.16228913583
1257202430,824489.4972557706
7000100635,604284.8507556466
1900000195,194700.90974943741
251500330,1962059.7589545292
7701960210,789912.5019559772
4037000065,449968.41437989136
522059299,325543.72623737744
6072300800,640807.9514089699
6821102358,538977.5976526
5029450200,227495.34428377482
8860310240,584015.4040769873
826000295,393564.5303264537
9417400110,404414.3008281576
3959400345,739923.7032012267
8899000430,328807.47186433413
7527200030,684927.2292772261
8562720410,1220409.771574184
1432400335,251393.66196117864
6699940320,365365.1876427083
2525059172,762069.4627640338
7548301044,381746.0728989723
2141300420,779115.693776467
5100401414,467705.550805562
7346600092,239285.6354078709
6852700478,500497.41830629826
87000213,277178.0330802014
5416500260,290930.8499487614
322059097,301007.7882929596
7229900005,313267.84665334434
7116000350,168753.55625942058
3739500096,368841.7834153696
6744700900,960486.1330211776
1959700550,993559.4608217719
5589300435,410725.66853253916
1775920350,335212.4297517872
3750607974,276208.51472681016
5318100935,925658.3880941784
1442700430,469295.045026716
9346700030,704941.2926870808
1841500050,410587.55549370975
7278100665,384291.6670960551
8635750980,637477.8172249623
6909700340,630936.9394751186
7011201475,739758.98254165
9348500220,570188.7712498399
3876313170,419832.40561232064
2195700050,970932.8157476435
3760100200,452831.66231169016
3396800120,517169.8315590322
3750603685,271147.6242526351
9828702310,602821.1688953205
8656300380,463524.7486265604
1438000170,522893.4205301306
2423069164,449135.2278784551
2112700845,338068.1924936151
7635801370,459269.52348962537
8572900135,394809.5086168325
7504010590,796320.4362763454
6821100125,457524.1436032618
4310702775,296662.2022257392
2591010180,433197.8187792448
9828700235,676569.1951289377
9376301180,487714.180342522
1646502355,1084515.4451628772
1498301672,501862.3372817522
7715600070,368563.45388792036
7283900045,492571.90075164376
522069119,467924.6731538468
5200100125,586753.1846439551
826069184,495312.06519783597
3271300155,704023.7665073589
4444800045,620575.4283644086
8682291050,728639.7799404653
2770605420,526991.9578573605
1556200205,505138.73830847756
269000970,1226306.087329121
9264900880,274928.36288081994
2323059074,244608.724747362
1224059053,1283341.139718899
3755500065,410929.45747337694
2571900430,366964.520602195
3705000070,304364.62854468194
824069173,597850.8062890801
1735800050,165371.7803064836
3025059089,960827.9986152444
6132600655,934361.1944815036
1068000255,1651221.3056499606
3052700921,640035.2112469382
3024089057,272095.34560287546
7390400026,279126.33131407585
1787600224,407536.3106256547
2923049372,310853.7384003097
7015201015,1061911.0607345656
7701990040,842530.0113729046
1925059194,1139666.0828458078
301401370,347891.7641819781
1931300955,443859.6031585438
2395710070,359513.72838944604
2591820070,415448.8091071508
7883604065,203792.8882192984
808300200,470448.69591692486
1421069159,469278.5731277466
8562780540,293186.84286849614
2787720300,358244.59193643136
2349300069,297381.8847967259
739000035,189594.0762590973
2397101460,652773.3320209492
7625702437,389432.4382646939
5101406441,470597.48333461327
3323500010,1229254.737477444
225039082,781993.2650012382
8078100260,346586.55869522796
4139480200,1258819.56753437
7436300160,555431.8249449738
822039004,542198.7013209818
8651442910,248058.99950265832
1370803510,670852.6282353048
3342100569,712364.8551922026
1310430400,517355.8782153415
104540820,211701.64799028088
4305500030,588830.0033057414
993000090,813076.3105360826
8044050040,437584.198918297
5707500050,807339.6389767394
6306800080,422166.5254231822
9206700190,733415.7861463622
8732040090,305412.86894018855
3037200045,439463.649957857
438000025,629209.8144179641
239000115,311993.23546037875
8929000230,499556.8153019692
7135520610,1106091.6190703467
5561300340,505000.42581438815
9530100085,733735.1808135764
6613000140,1400910.4453685747
8835210130,345099.53720969456
3782400190,347884.214689019
379000051,252391.83750599204
3869900150,266294.2457752058
4322200050,451204.1745544507
8961980290,711556.4587523793
2558670110,452495.2038160191
1124000010,410178.75731761067
3869900138,470863.9995255491
7853300720,500270.91133309656
251300110,338670.99794109166
3904100041,294595.3290541586
7701990300,787123.4958833946
8682231190,535751.3021932842
7888200240,220870.07092772351
2025700730,296038.81731181015
3066410800,698057.2950158523
7576200040,730983.5391620869
2526069095,979555.3351015714
2781270530,174091.23428315937
3763300005,435765.41699233354
1523049083,195471.97985217744
923049468,206526.46558055846
3303700221,656107.0443282683
1502400140,197058.93322213867
2880100160,1019339.0903612761
4083304535,868962.3413898919
8820902549,565299.7521527299
4139400060,818031.3755376962
1222069094,326788.25474528864
9367200205,590895.4056878181
2734100736,331281.0132034045
3856904580,708855.7725249111
3812400789,404479.46342592384
3303980090,1050941.7381567757
1314300018,311506.31650072656
9522400350,512098.4783197381
7524350080,334112.61722051934
9406520260,314410.465334689
3278602040,405883.317268567
7696620100,234905.68682677762
3751600635,244881.47294835004
6365900065,414439.88391101
8732800100,267759.550398117
3876540410,236148.09930850894
7349660050,268535.98381776246
1036700220,681517.2852945431
5417600200,367266.2298705049
8732020310,286429.5351942808
6844703240,1040706.7036357019
923059206,364346.383161377
4038700220,564289.302074541
2597520900,683047.0543606001
7203230040,977764.9904400901
8820903560,296642.0279212511
424069112,734647.4469648085
6056100102,570838.3968282932
1823069155,432485.62101855996
9412400220,2498234.361441674
6851700381,1021283.9905500928
13001215,247731.02087705277
3630180340,756370.4491593036
6746701090,565201.4803427368
3832050760,274874.86132355174
369000690,466463.8182771097
6071900130,561530.204352994
7266200085,665521.4471023739
1473120390,443627.77696673817
9523100458,561066.6501309609
4345000510,265578.71990013815
6600220090,481936.0381026953
8079040320,408473.0947768111
1357900060,459923.5110087284
3996900295,320022.958253972
1442700250,489182.04773981567
5021900175,617849.574019792
4365700130,299692.5195229449
3876100320,529261.9658822485
2124069103,413169.113021795
6700400140,258538.28733422924
7852090810,554041.9085300966
1454600038,1022030.7403859837
4137000250,303282.90780114225
9826700726,500672.6161714877
6716700325,450977.66606568045
8562750300,584607.0166451185
9315600050,1934644.4504583774
2790410250,635743.3542592962
7732410130,722798.5109988644
1387301730,321751.8857689656
1568100220,337127.9868225699
3975400085,820984.7154873932
339600110,498741.6340223189
7888400500,229005.65897538597
1842390130,690051.8531832395
7595700025,365408.9939576522
2158900140,861088.7572930254
6151800070,392231.55433477025
9294300515,793437.0675923675
1250202660,851421.9543612287
9106000005,1052953.9641418336
5035300085,711952.7381001463
8898700440,266561.5759073715
723049197,196045.90917751472
2019200220,214227.14924504954
2926049408,680797.1605460574
4233600190,945026.9122294748
9268851860,462371.66304847394
5458800620,625180.249675606
424069096,488932.27674250724
8150100265,254389.7139030694
2742100085,356617.29970476
8045600130,395603.7413139281
8039900086,275691.1801445529
4131500190,371398.3585978452
1370802650,691060.0728703297
821049149,236329.0332167183
5104520460,363548.7143527935
5466750140,256265.62770365304
1703900155,307041.1530947417
8658303065,344679.16525220947
3298720030,473284.16193244053
1839900080,362163.89798991627
1561600025,813985.0630608203
6064800410,374007.1941407897
621069102,253258.58445594404
7853360620,382440.42971081886
9385200045,628574.1926876204
7214770020,609159.9499132616
5412300100,231035.98676961966
2025701360,264439.27622443537
7334602070,299596.8856912951
8029200190,211147.87546346633
2622049052,714622.7223612574
3126049261,357930.68794828467
4443800705,448331.9531195643
2473420100,305970.14283702045
7922710520,534477.5717240288
3336001911,253456.32989605726
3797000300,452203.9828337315
5406500480,639774.6206728591
6706600090,457331.25494664867
1518000230,332211.0364747431
1250202990,788908.8356544627
6441800060,772975.2133631726
2141500070,493353.97323966323
9407101900,266967.3726982391
5451300117,1951614.3452593107
326069132,365333.00854776544
7153400100,252978.6347835692
3083000910,489411.9378702035
3021059304,333027.89057799504
2597530650,773622.8895575299
3972900215,315604.2973913503
2473420070,287003.1185307507
6115400008,457248.8155722708
8682220230,770635.4556410213
642150080,585128.9717005712
3775300030,321426.1081991763
5418200340,674482.1075642251
2424059119,1085419.8752316756
7899800476,210079.40748163004
8598200070,231789.0504750446
2421059125,544164.5367400242
9528102771,539230.3893738369
7522500020,577718.2475523917
7202340720,632636.1005859389
3286800260,562754.1894558286
1121059105,438366.8542114006
7504030220,669080.2609699853
4045100190,1736023.4508303364
9406530090,358817.90928378137
7138000260,246325.12109497638
2600010390,674779.6270017006
2917200365,453680.1000593998
2191600780,193392.23045106846
7784000180,423270.8038581804
6149700194,330574.75875296595
8082400136,755497.6122294406
7202340930,692081.333141857
1972200556,598928.6495151857
2767604170,520613.13823535177
3271301175,552517.5433389485
3223059303,486691.0692327838
7598100735,1142810.8791542386
3348401490,335564.45215637825
1545803390,278989.3426647327
2296700050,533606.8952427334
3626500045,710721.8065045303
1596600060,251736.66868379412
3616600250,1478258.0339614619
8078560140,281366.40318949637
1796360350,260870.29306262697
2770601763,496281.88174911705
3223069118,636764.5138031105
2473372040,376728.0174522539
3575302759,431817.160375724
5706200170,417074.5628065968
1774000030,460965.53072332044
2224700136,334894.10158741236
1250200418,348920.6611414261
5416500840,370514.50177306077
7335400345,163306.43813937894
3776300010,926956.6181828141
8857320130,562372.4364091255
424069206,773103.0995125828
3592500985,1100152.9759972175
9828701295,456043.27106124355
2621750340,298888.43646523246
7334401000,272618.714051478
3286800110,558085.6379247706
1722069097,472187.54114533373
3574770030,536379.3036577405
1336300610,1231618.677752776
7230900100,379604.51848646125
6141100320,421967.7056639037
2767602356,750369.9714362952
476000017,486509.79993807105
2558600100,494084.1408594675
3500100015,282350.98857665376
4074300150,426458.700823945
8907500070,4459585.995978692
4388000260,203743.2707707817
2475900850,195353.3335175922
7852010900,552494.026339715
318500300,680291.9105474969
9200000050,172935.68666708507
1026069106,461075.53192802565
205000120,676382.2072583922
2616800600,907763.8819391902
921049141,635625.8764479719
2023069059,666810.0342655064
7229900145,418383.47360018524
4376800010,548694.161817001
4389201095,3038221.9579018
826069127,516729.6862365426
2310000250,287391.0556257125
4058801225,361739.32273892884
6600220550,459060.9479000208
3585300194,1536705.994886959
2594200375,414788.71568608715
1102000514,869031.6904949306
1862400471,444317.8676698276
6928000440,287493.69267227245
9578060470,527167.5871566122
8732020670,286571.9950925348
1823069088,298687.9046305137
8712100350,1202482.7727092518
3420069055,526900.0075585257
4229900140,337264.5135573333
8682280490,424317.6113269535
3830630310,253582.21774928077
5100400251,372244.71796086285
1737100830,632310.3702385293
1630700276,439258.14688783785
6326000205,408917.7508881365
3426049284,2649932.124643815
3814900260,407845.6690270986
7403200050,1832623.6879087952
1725059252,725921.7907777677
8899200570,334752.99756538245
4137000700,284051.8685708672
1115300270,698058.8007487303
3904920380,602449.2875038469
2695600195,373032.89226137695
9542100135,828057.400983401
1552510160,379770.8366978974
1823059241,937358.3271396699
2193320450,609537.145142382
1122069006,540389.8934850825
7853340330,407216.7450486099
1954420380,496113.1846551425
7299600530,261523.9847591628
1760650670,258840.56063830163
6819100080,591229.3801336891
2767704649,484971.7998947786
2424059035,835592.8101183296
1566100400,390279.59711653384
5255690060,487846.06304366235
8860500130,420790.2333012779
7349650120,301700.6980312315
3291800670,418153.7364941055
3764650010,496840.0091100777
5416500950,436036.56839230965
7973202712,261484.0349702339
3291800120,243884.99291603334
9211500620,243663.8594671351
8643200020,353978.5422523564
9197100101,202416.05414550906
3531900060,339320.3257159641
8842400071,446134.01962938474
6844701680,460725.06266129646
6413600285,448631.51151116996
5196410260,868144.4437037276
824069121,727940.9581047812
3876313120,402366.46092915256
269000030,964436.9018291184
1560930070,920036.9689096373
4435000705,214058.21298282393
9542400025,849654.5941183927
2470200020,1876991.7746005352
7519000580,551282.596966701
1226059101,519649.4521902101
4449800063,446206.2208563909
2815600305,711918.299735231
3821200050,277509.4520252337
2644900110,402561.80792933004
8058500005,407034.2552474635
1099760230,226361.87216225418
1954430180,531033.2359434798
7853360480,468687.3124935269
7229100040,308355.6359157651
1432400120,221033.14111840352
1898200080,359897.99476260773
4054520100,846652.0928185286
2568200140,765904.3498281633
587550010,656991.9899015122
4154303215,808103.9115043816
6358900070,1093000.8905226013
3277801640,453501.7558552338
6209000165,369313.8262673439
6143000020,295683.28085371875
2591780180,393128.80778034154
5412400170,231276.2557033351
5466350120,249166.71954057904
2877104196,635403.6865716296
3222059007,306640.17581782764
7957600025,262268.9107207408
2698200210,247996.85899484932
3764500230,519207.05717507185
414100630,366114.17663000943
8029740060,299802.6719068395
1426049054,402914.0793147879
546001060,695599.3195155222
3277801417,438482.11648862
3630120970,794573.0665313059
2326059080,972123.4552473009
3278612370,401125.89772679657
4024700100,295368.6309330727
7697870860,236564.10612696837
8562900240,759461.2691487939
4059400585,198913.8195145599
5703000050,494158.9237620825
7701990560,794147.504365988
1760650610,320884.45877387346
5408100035,416369.7167818456
1370800560,1445948.0266882917
2880100240,514174.5110854017
3630060150,520226.02592314465
6071700020,549641.7168045668
2473002500,430614.5536026606
2768300650,532969.8295223603
3523089019,791187.8892239318
2787250190,500171.2206241943
9477940440,399731.1727662833
8732030440,285207.76682821184
236500050,301454.32901187014
993000100,810788.3950793399
5466700360,261447.79499015515
7203220300,862667.2954532299
8682292180,433618.91744707455
5209200010,445051.7349549759
7853360990,379293.05758084985
8663310010,454729.3984104825
2313900165,556598.2196354828
6114600030,631964.4583418844
3303990030,830408.3142569821
6679000960,333400.8583895867
8161000230,555672.3716597734
9510860060,683464.2851408257
1223089083,705575.0540941574
2721049059,296523.77974331315
2523039278,281997.38226544287
9826700707,448897.7441679266
2159900120,518801.90464235266
2767600635,607409.2903263939
3812400455,450680.111453782
7852030960,410771.78395052464
319500080,707521.4773695923
1061500360,269192.46168571967
1787600209,413349.5068319378
7888700030,466450.49150308996
3623500260,925049.2703737408
4219400520,1282134.2354369413
518500460,2694468.9108820865
2500600297,271750.7395672216
7283900010,297367.59161152807
9225900055,307470.85804324265
4036800925,433561.1700513166
7967900150,384593.65264165064
1782000130,409088.49314003426
3163600015,160578.34166593914
254000075,426182.01971201284
1424059022,1048737.222553491
2768200090,632429.827615527
4319200505,473069.83125457435
1592000780,656733.6743568114
1687910100,572409.264038648
5200100115,577755.3504797494
3751600176,213586.04805991842
5608010650,928695.4685649226
2051200506,276861.4858907522
2781280310,289515.2083330989
1023059190,279276.1934481977
2787310130,263742.0096014195
4358700100,439829.934770103
3121069036,531801.9662037306
1959700225,659799.373613742
3205500230,380268.8965271726
7974200937,525176.7082368062
6819100111,890357.0272862115
6146600175,158522.8721976572
1525069095,828056.656606925
1231000510,406358.5408224545
4122700040,1074549.8209894109
2426039314,270233.65406533284
2013200390,261268.98135885672
1854900330,712513.0904936598
1923300135,616523.8233969389
582000135,579409.3111666515
587800130,272256.6408523374
7840800135,225017.33504545095
6116500366,425589.9238490681
6392002635,635470.4517222735
5361700020,334520.956533671
106000395,422234.9132293732
7199330390,378941.69897270086
2484700155,604498.444078912
4038300070,479062.38150842866
9407101850,308592.6091767762
293610040,722001.9699892501
7202360760,803162.9864446017
5608010750,1118725.6951358928
7236500025,343061.91201944405
9144300120,362045.11303861986
1454100267,409552.906629342
1377800135,599983.1966527262
7967700570,232688.75409745172
1562100220,603871.0161620247
2923039243,462352.7389153648
868002080,918010.3269040553
7137960460,264631.4617944222
1023089096,285820.6253642283
3262300818,1621733.1268364685
8563050110,604940.2790685963
7137300245,424133.44660184544
4365200630,373723.82729193644
4100500070,1994045.0253215765
3821400200,246537.99059408763
5379803386,254633.88017545542
4237901075,591795.2105802995
8118600155,375568.03406168637
8946780080,867024.0514430525
1428000970,422317.95863166614
7011201004,763128.999935998
2799800180,347572.21599283227
522059130,258871.29781541738
4315701163,578985.8232167743
3649100387,428418.3394391229
2125410210,483027.9417171377
3224900130,251960.7206311333
6798100661,288577.21752081264
3626039325,839984.8349287801
8730000270,353357.1571949341
6065301040,846251.0678887516
1665400165,216445.1877009367
2203500140,418409.8577300947
4058800875,357294.838685154
5076700025,469137.49303303845
7853420110,580270.1849984116
7818700480,372946.07351973443
8658303080,386881.22159451374
3187600100,582340.3077013287
4077800518,366662.8791598329
2470100110,5592355.930520066
3451000206,293162.5922914449
1843200350,170109.97475628735
7904700126,410040.9873790951
9430000070,276131.3880837587
6003500749,625484.2420543185
7701990700,756433.0371149366
1310820150,350605.12087448395
3975400190,600135.7805377179
4100000050,633438.4003444914
7202270700,615470.1113150044
7370600020,656218.0922815629
126059225,510483.3733766656
106000015,415736.4678241304
4458800060,1026709.586892792
8944290090,238463.8316184251
8682250330,642350.3505171944
9834200390,480203.6160541062
3275880100,722627.8420669588
7227501190,238999.03206693288
1796100010,610789.0536394094
3831200210,301757.1266389224
2521039066,293703.33610880974
7701800050,383702.4094966253
3904960910,693745.6109219537
5647900670,253724.8808727285
7234600796,545341.1882546126
3021059244,223132.78841864128
7787400030,1879054.435395042
2051200436,636651.0554318301
8820901415,323009.20785620203
3523069047,851357.4075333729
9194101388,540765.6279423876
7277100610,360108.2582444065
9471200370,2122127.4389155493
2767800140,638434.2244018959
3629870110,503749.6728932657
9136102057,610988.8966520934
8648900060,512372.3334372803
3678900110,437002.68991139124
2767600150,482201.82564682595
1972201511,604667.9307710644
6055000430,442568.00751524745
6624030050,365765.88523234695
2215450150,348211.2328426151
2767603824,461453.47750687576
3585900460,748968.7318101154
2922069134,433499.28667240235
9267200062,370602.80702563346
7228500425,515955.44807020354
1089000190,809227.404924436
3359500960,501412.6922399261
5152100160,426155.9555406008
7230300060,333567.20845921885
2423059067,492249.63377991994
8016250060,255204.73428959667
2524059267,1154577.9308037367
1438000440,501458.45049294096
3326069026,573841.4422240291
9353300600,275564.81530418195
8691410060,713595.7720149653
6332940070,533423.4430097974
1310980110,300714.4002943704
7428000120,217405.60967811273
3626079040,698074.6691590952
2722049077,325712.9384888074
984220290,304681.2669079937
5347200160,233915.4074565337
4154303655,539197.6477992212
2953000250,278081.7272885169
9523102447,699235.6729150228
5104511840,387971.5764657957
3448740250,418961.1153713088
4219400290,1095845.2520421129
5152100060,643795.150841125
3279000460,245809.25678049104
1102001274,910038.7777309787
1251200155,1187090.40146786
2025700740,268577.45619998424
3820350050,347944.19467605854
1245000438,721514.3183772216
7853230200,461848.1909101915
3832200070,260093.0471413814
2926049400,465796.29400341545
1246700251,884118.9479327351
6372000155,554198.1857587002
7950300670,390805.15572586504
7518504130,582860.6895731902
9286100200,411862.4736804663
3992700585,447466.7865424668
7234600786,823698.984869485
5476800069,366016.65282100416
1126059201,1291095.7225800885
9527000090,507021.88241061155
402000115,300216.1478354386
8818400450,1068991.7163760157
2475900840,190915.84892712446
1437500015,156474.36832397003
2848700095,441019.57257242914
1529300135,357187.20832806814
2597520090,735217.4498859846
7812801125,197183.1227888054
3343903647,463947.0994253963
1951600250,186296.58767393965
9542840590,270613.6461373323
8081010040,1219382.3586307855
3262301355,1420945.9145466927
1861400068,498445.31442009757
3295900490,442270.0202934477
4345000440,236240.92862584224
4219400465,964487.0590045967
3797700030,271567.6840846147
3204300860,766274.8818887292
1930301555,554667.2515804182
8807300130,369215.61388875195
4391600035,308902.8494427172
5021900140,1688753.4653186884
2946000590,259405.1840854962
686400210,545332.6962028854
3365900462,270226.13818611664
8682262170,414636.086603913
7312400325,342435.1941717651
3760100100,391560.30400294415
3579000410,468135.82496472145
1773100755,569556.8337788509
7129300175,375610.62587118556
6303400965,257196.00638445996
1328320440,344907.5640031184
3686900025,250548.92585940243
1221039066,375649.9508805058
7950304095,333133.4464648482
3585900785,1042480.263741884
9455200329,515334.5520393514
629410130,772040.7459780467
1994200375,586483.0850051255
6669200370,891703.9465483483
7262200150,250435.754010314
7504010750,593700.2756041305
5253300173,314308.70824635244
3395040200,323011.59787798784
322069109,400415.55720327754
4054510270,1050512.7571827364
1710400005,553646.1680131223
8644300170,733463.5945927742
2450000290,1092183.8624356515
6102400166,780925.1684278435
1934800087,432840.9489641405
3333000775,265993.5149930701
5393600509,321298.02459995257
621069039,370022.36527398287
3343903611,616447.3009209323
2954400020,1069242.0540345819
7972000010,206294.62657459322
7214810510,414486.3999934099
5561300540,501169.0717201655
2634500070,421939.7039012264
6822100310,684199.956564805
9201000100,715704.8336671927
1072100085,363829.2031944438
6190701146,392146.6631179708
3277800845,251878.15941844025
112900020,342176.02951512753
1324059048,635606.1171464247
7979900126,380913.57309963106
7199330370,399988.939559428
6381500720,463071.09543441376
8078550190,276966.3770900365
7853440140,894537.0983058553
6300000396,371203.0618327183
3374500250,390155.68626184703
3343901188,265906.0769392954
6979900010,783204.9544294443
7199340320,530439.0074596296
1112000125,352911.29209205095
9269200150,360957.0549641094
5104510210,287400.0051081532
925059219,606425.389158437
100600320,205209.39428041168
1789900080,243291.1057119733
2123049142,347296.556739215
2459900040,607904.457100885
3902300450,565294.7495373812
7250000065,375380.33125126886
7823700005,336703.8704858334
3750605247,229927.66945536618
2771601730,586054.3289544248
3298600440,388368.1038096341
9141100005,536115.4001209664
8682262190,414051.8551567213
9407111250,234686.9031738105
1336800010,1627382.6423577596
2255500060,627844.8389294132
7950302345,307772.7005277241
8658303585,263117.72218394635
9184700600,1098468.7534952697
8068000440,337351.2222825844
1310000130,313513.5630765646
7853221330,798381.6271554503
1222029077,306975.7710197044
8562891100,369319.28161441855
2517000260,388753.8948902543
2225300149,358966.2264816505
8651410330,197806.29712872588
2413910050,616480.265452486
9407100720,263055.2688172889
2112700920,377018.9097120638
3761700251,871418.954748757
1036400100,673574.0213733418
3585300365,624886.9015326439
8562750060,830769.6630363914
2719100042,518452.75958427717
952007055,401606.6000592962
925049318,611291.1218648916
7203220260,977882.9385059008
9320990140,301279.39919200697
8567450140,507115.30507823895
5379800810,207170.6657851289
7784000100,572467.5661364066
3992700475,404348.9562771197
7905380280,433704.3178039367
943100683,420166.0538187437
8029770470,541503.0316454959
2818600060,1051099.8933169786
1226039124,451910.0056852984
726049184,300279.729444578
795001930,246980.9351776738
339350150,694866.3227216064
1332700270,323689.76426933886
7548300170,637609.5039985621
6141100330,469237.67391012004
647100096,706640.477958296
6744700423,530048.8710482132
2895800750,306005.21569135616
4046600220,348758.5381087895
8809200070,369574.32644666225
293700110,815860.6847094059
4178500440,260231.29818798276
4358700164,235783.63684533892
9197100263,233574.79772740402
2426039313,270233.65406533284
9468200163,615191.93280066
475000190,491771.38466011616
7504180170,452564.4452776098
4036800170,519010.2547618468
2561330040,475652.79810163536
4123400340,518284.63576574717
524069115,853714.5183777191
4047200850,333372.48913794814
8651440230,245380.54289532738
3905030140,559590.2964886102
510000641,664073.2712924939
8663370020,426542.21717610606
2883200760,647394.6525732095
1980200384,967812.4617202576
9468200140,485987.1553141374
1796370150,249810.42040587278
9238900085,547190.0172124513
9191201325,627161.0672507329
2538400060,914796.8049972805
3758900037,937492.0460291395
2472920800,404466.54872022365
321030150,341856.7195687407
2571910100,328893.7227213974
1423910670,281035.3860985374
1118500030,821726.3658220698
1939000010,671433.2481261039
1776460190,466966.2332137632
7504400290,684817.0659061046
3448700070,423981.5976524046
7518501025,568172.8967823092
923059252,535939.7376601113
1431700210,256863.62847712135
8635760480,583623.8013090525
9175600025,1803082.5738735513
7922720250,545603.7082760506
8944360390,496800.59753081395
8948500065,218037.31211104483
8669160310,292925.7185727056
6117502745,528497.8363025959
1789800020,333757.2585985962
226039186,331095.64367202576
6457000080,243878.69451370632
9557300080,562392.4188751271
8562790480,677031.6943579483
6430500008,490575.2394555647
1604590230,781709.628123959
9542850290,737234.7802953084
7831800395,298993.3541795015
3317500030,1197450.9530434164
624101110,742803.1428789113
3654200039,332175.1614878951
7856000150,829437.865214432
4338800685,279967.5449686586
3211230300,369406.1749479792
3904910650,564550.1433589953
3598600088,249441.29528667906
3796000400,364814.30694596947
7972601280,497061.6368067351
1450300050,264870.9885249423
7504050090,823029.539286425
9202650130,540177.4109268493
2419600075,393073.84842445876
1224049005,890530.3826467311
7129303240,355722.7985200457
1922059135,200483.52465193393
7852020250,689942.577996224
4139910180,1472880.6834980599
4222300040,319463.16861032794
1024069027,1016073.4321169368
8944600620,544978.1770294397
5040800060,837510.8932031654
1036400200,602607.3276756628
7899800915,191276.9485821103
3325069025,499442.6300122913
9408300310,624130.8341741206
1773100604,400581.05341894994
5451100490,830795.3794017378
9536602080,186996.11772346208
9828702055,432110.3488819563
3362401758,461614.8492625029
476000333,457592.15164387366
4364700730,325158.77859131125
5559200020,260950.37483721128
7522600110,257089.55955075374
104510440,214626.56052752878
8820901275,599633.1708348158
3298700125,251736.1592515701
323089172,446167.3466563728
5364200477,632680.358562677
2222900082,435225.62131454976
6641800020,695633.3362163198
9358001422,325398.4417977457
3438501150,295895.4599577128
2206500430,507089.4333692141
9272201318,602336.0120717322
585000095,582982.7677243645
7708210050,537943.0868471871
9407000840,284989.82363641966
4027701265,533555.6811941137
8644210050,743166.5984022702
8656800020,406685.9471766245
3329520170,222016.4292685868
5104520720,323390.3925726615
3806000005,151208.25143791825
2330000015,771461.3646096081
1447600410,296904.89893082075
8641500252,377600.63258702453
6084600420,255582.13804028794
441000115,461031.1746865007
2597490030,703598.0524635738
650000030,682662.2376677826
3585210200,407071.31794228585
5416501030,424549.7408195766
5406500170,654558.7244745179
2916200065,453765.2968216169
3330501975,484629.7159524126
1774220070,550419.9212090216
8731730710,217600.85519653966
7861500150,430870.9340875731
1402630190,389104.9025153324
9117000230,277505.21852342144
7133300380,741394.7754307531
4232400470,716217.0478056279
1773100972,350984.06293924764
9413400165,241670.064230849
7658600025,480442.34905263415
6909700040,1035977.6704447531
1402900380,292343.7409622814
6625910100,503862.8745653779
3204900010,574318.4426094054
5162100820,317530.39237536537
5560000480,177969.2891647345
1704900303,565816.4823734419
8084900170,1824256.2362802052
2887700091,702515.8458010034
4331400190,299713.9221493983
3762900130,399444.29846914334
52000067,632272.7040125693
5430300120,901155.3859739087
8956000460,642351.4612968613
8856950310,264602.69591084303
3364900156,376662.3813982374
9310300211,317591.6920077377
6448000020,1439665.9514959324
123039570,420652.8648629991
7600065,561820.1810359319
3123039171,476605.2845300621
8964800445,1620686.9167177447
7857000732,395078.36822309025
7525410090,542702.2368896673
9541600350,748939.7890879475
3186600515,743239.4840695509
4123820450,325197.94120820414
2505500030,1078201.6512309562
1541700240,325137.15421516745
6629300120,360278.1415205747
7399800150,485193.1638883879
9517200180,371200.42130005744
1313300340,513309.9355060867
7967650010,397275.43070266384
8807810090,420704.82020166254
8815400670,822978.3526297498
2310030500,290672.5178529549
2241700075,311392.1823486369
2287400030,330328.90860003274
2827100075,259465.7740150771
1310700390,319895.893488098
5498100010,440389.0660779937
723000114,1337221.9931721056
6431000987,479194.075608919
3356407665,194277.71992666015
7852110050,553732.7376944033
8677900123,443022.82317051303
1917300260,216595.47467663934
3396800280,550953.4389899366
8691420050,896391.2520332427
9368700006,260795.6989764205
339600290,413853.5078407727
1592000250,612143.7312741646
1471701780,343780.61780594185
8928100205,646703.649536242
5029450100,213626.827751191
5493110080,2262144.134850372
7883603750,263282.6412492698
1732800175,815849.2720023897
1518000290,325652.36034320074
8604900017,585669.9617510178
5379805160,299828.90243211115
1254200835,585803.737887033
3179100482,450710.24510572624
3313600266,196276.0442476784
976000879,673963.8034987801
8819900220,684490.9297405605
2130701535,319263.0033151267
1176001124,544982.9648353214
7893805650,300928.62220168934
3885806840,834913.0028666165
3625600190,1403383.6498602894
8562790150,834150.9865186104
7348200115,208805.53885662774
955000453,481460.6588568561
6817810310,397280.30886516464
4040400340,491413.3481432825
1644500050,760670.0290198486
8029500100,327230.11922606867
5244801230,741706.1587287758
1115100119,362134.78709355515
9542400010,877488.5261647373
423059387,589797.0041568666
4023500990,303726.9240246539
7899800857,285631.60351732763
2976800796,222697.14466043518
1074100020,337946.721374414
446000010,566378.7612332482
7942601200,419672.7601061362
3575305495,783102.4986571011
8691310040,756833.0939068611
6117500430,871417.6871621662
3924500130,585878.7227809766
2028701075,503642.5963674189
4330600360,254242.42591692478
1324079082,421493.04013733927
9268200484,783110.2107237638
9828701605,585527.1384696644
7518506715,1067146.7917862888
5315100277,1259289.0052228367
3942900115,435272.99254205776
1561930020,443346.0356919757
9510970090,621283.1771951199
6163900821,342615.2598758711
9510300220,550172.9602167036
3869900146,268582.6521065907
9262800208,972904.2531057796
2522029039,582994.7631359416
6865200095,695400.1951713428
3782760040,451064.049100335
4237901250,616223.4149278868
2891000610,232773.3667474816
2749600095,543016.311788978
5422810010,358940.2263707813
3629980350,738617.1474180184
2459500070,263302.3961401962
5113400364,664706.7204724554
7533800885,738696.7550310116
629410190,747652.4222866015
8651431100,243927.68491541775
7960100050,539291.3943074899
1842200040,461883.87382814893
425200205,234258.6473862652
9477201470,359143.4517564054
7905200365,501683.06129236915
6381500635,275029.8939232414
6052400175,359017.434847199
1236300268,485301.341664205
6072800265,2026944.538034496
3423049311,232149.19848819403
3755100540,357096.37238613336
7852150120,343105.74390160624
4180300050,378286.5495601655
7625701935,345656.8342366717
7132300550,431375.9266577217
3025059093,3310875.2975058095
8161000220,470153.40168587473
7852011020,571129.7508938765
2599200160,379667.0858390055
5536500020,572751.0595144918
2095600150,257663.46265061077
8910500226,412381.84843808046
1681400010,843892.3259792372
1424069110,699654.3534631204
5127001620,283465.00853936834
7940710070,425169.7820113033
2413300980,315309.15661470447
7853400250,614511.4390172227
9542801310,281877.2328068052
1890000169,514750.74855011696
2720000120,288058.471692992
9424400105,499638.636530629
7888780090,254963.60029339188
3501100280,386567.8312592413
3905100220,498188.4524051152
723000150,897151.9727575545
8691310980,712134.187499207
2297400250,504928.06558304146
2892600056,244351.52593039992
5273200080,543593.900445147
5145100460,467201.3875571543
5561401260,557363.6068707452
7732650040,926263.6884728622
7504101280,884916.0129292784
8581400345,266407.9849776897
7129302800,438698.42660947476
9551201560,577939.6508548814
1546600020,638778.6882390124
2648000071,247578.9473466495
3339900640,240114.3804311896
7853301240,433718.1605594178
943100262,317129.3432060004
7202430150,834807.4873925678
3558000120,318219.8930247087
3890600150,441098.460778465
7452500315,262346.35593448847
7173700591,677415.6159452348
438000015,697569.561113782
928000020,378871.9973399704
3830700010,411472.0512743046
3845100640,407849.5059943258
6675500112,356017.1724459682
1773100920,378484.10886538285
9485940330,389854.15201946045
5561000600,444520.2455599312
1786830090,644232.911750604
2011000020,254102.34821491776
8024200681,380823.20376593503
5452301810,2014765.6716157314
5515600075,276896.0915048048
357000135,1399571.182920217
2541100010,596598.5520792494
1090000036,690989.9327450087
3459100300,427267.54174686375
2450000295,1169256.3129727987
162500015,400511.0656663509
2592210290,810618.0677513997
5101405265,554759.6607057116
1122069019,631364.9564007104
7501000220,813903.3137640728
1310900140,363332.16932150006
3298700941,230064.21620596413
1972200382,447490.73372277356
5100402764,433684.25645048724
2623069069,693894.4517488907
6372000280,472131.66008666984
4305600240,494526.33683298284
2767602094,549627.7318112181
2500600289,200462.09210073928
7203160090,816966.444202941
3521069146,490029.73485297506
824059321,1697011.5137720224
9348700610,875970.8707672314
7228501745,545628.7176608045
6021503656,451195.5880061371
5437400630,549348.7333903515
2207100740,438757.24420073937
7202000220,394147.0516477295
629811340,704126.2163053785
1324079029,253525.58449388522
418000010,188301.85819292726
6303400290,209122.08349063763
4139910030,1250758.669859031
3023039066,373426.77417107456
8698600395,220180.273906599
2799800710,332154.8307451188
7351200050,1053637.1518846867
8564860270,489098.7741102145
2591830020,435800.54881997453
4139420430,1604144.8585511455
9828201725,544470.6195296077
2420069604,276415.32079394505
7224000315,188704.25775837075
3861470120,2036849.3668901904
3222069151,303841.9337030388
3869900155,314077.4664719037
123039346,283938.82211578306
305010050,655431.6760517611
2141340040,667845.368365108
7504021310,676533.9498467341
2436700315,581157.8097667185
8732750100,321904.8055792105
3298201290,370278.36225852097
9241900150,963455.5722113159
1180005220,258555.42692060437
5540000050,292008.71214595553
9211520400,270865.49841668725
2623029078,518562.08312794275
7132300695,468897.3426646777
6430500219,453461.08283659746
6084200100,362222.92960259184
7140200280,260679.3901836108
3904910610,609325.9742597878
7625701900,468376.3132697634
9432900560,344918.99025409366
1388600110,242796.09790907643
9126101201,382036.02621856413
4224100030,407638.0296168232
1109000390,600282.2726967806
3336000296,244383.70342526314
7504100590,722368.6038494424
2025701060,253896.53348600664
7527410080,632361.0800660928
7304301045,261060.4844364992
2591840050,486621.8056725681
2767602490,423843.7208024357
5494000040,1242090.5096997612
2473251090,286756.8305125162
3825500080,461548.0475129613
2309710150,342945.5971785548
8901001335,646383.4369520079
1781500435,450702.4151656391
8835220200,346063.586611036
4037500335,523453.4161005309
1338300180,1879806.2048534115
7968000120,280922.479387854
686050100,970250.5255463371
1180008315,239600.8918149164
1657300280,449371.6518908856
7856600170,741901.320723182
4154303125,614242.4266753931
3295730050,584558.4380061066
1777500090,670435.8818424564
203600470,621742.1057710719
6673050020,353828.1107413368
8731980680,280082.8578551865
2273600260,538621.6780345885
1000102,276317.1051923685
4197400005,539298.0999667303
3378100100,248115.47346363738
7856620210,764309.3468616995
9275700765,936262.5658404079
1246700136,425933.82292444265
4239400740,168781.84370912175
3306300630,186926.6387600611
2524049056,1087286.2949852652
2023049245,246019.92797051632
3210400340,301589.65691821626
2621760350,313392.95943855355
526059183,401226.57215006935
8078460050,699239.5362449482
7504110050,691390.4492003961
3876312840,402925.56927929947
9268850350,323577.39140802785
8085400490,1128819.6428754684
2722059185,473018.2747264737
3644100101,365827.1087936515
1321700030,876264.656199981
5608000630,1327749.13551392
825059349,1357242.4560201631
6083000071,216046.85373683277
9164100105,561981.3827328808
1425059145,506591.35020459624
5210200184,530687.4650818579
9477201370,438126.0176021998
2927600630,902849.8252906533
2619920170,804834.2485890606
1560930450,535639.8197804663
2896000510,548071.5537592774
3034200067,582955.5618669487
4025300360,357373.22614609206
3362401295,507968.79181465524
2391600555,419521.1343968893
7550801170,516371.5475500257
5347200175,238342.10092465652
8910500471,497932.57130887575
7199340560,464390.5580377422
9266700175,398189.9888456892
808300270,443875.77688389504
2487200875,424597.7411988674
8728100781,341639.9673188218
5379804888,258133.20267582097
6619510060,456495.5851923787
5416500680,449384.796354045
1862400087,430459.79719194694
2126049277,408251.49002344726
4137000070,296171.45215094375
8081500060,2314745.1538224774
686800065,1042398.0628807924
5561100180,539471.7151320744
798000342,308142.39289255755
5603700095,565701.3119826479
7151700585,1223022.0645691692
8129700565,674501.653018191
2782100260,663718.7167000965
7011201106,447968.86142577283
2423069084,541225.8130130338
8141300300,395640.755093545
6601200040,285525.8294270568
290200230,650264.0998957793
1423900220,253164.3296848284
7303200450,224653.18814417787
3755100220,369897.5297808937
796000235,199712.66622668804
7237501040,1104384.7883369452
7203220400,838127.5282531617
9285800275,804650.4250763231
2061100435,518579.62878421193
6414100025,623311.2163261072
5317100750,2525762.594189782
6145601000,450860.4059950011
5634500775,502514.89742935594
7375300160,589996.5125317118
9558050360,488426.17896935117
4151800420,523175.2247278278
3751600146,215015.20986021476
5302400080,574349.7456775038
357000005,627334.9196525095
7283900306,443512.64006477117
3738900105,322858.274738247
6822100305,618480.675166254
7436000205,520887.06197287946
3295730040,567677.3871299981
1526300015,400704.47696598415
3294700101,299116.83732010116
8864000970,216385.33685058032
5469502700,369540.53822188755
8078520310,218488.0609111042
6154900130,339254.7421750406
8945200830,183964.9835155674
1085623630,430441.41248572286
4013800131,215000.2281136297
2287000010,630033.9918074969
546000930,653881.7369761514
4051100390,233657.6448478642
7203100120,619061.5409665997
7523850150,274729.56873504864
3826000665,290934.07038933504
1311800560,213102.4780373252
2877102180,507860.9276947186
3221059044,798028.3224642971
9169600110,526322.4375904353
9510920040,728339.0409406571
8813400155,896540.4792960103
3896100130,1201954.820489023
2568200740,726095.1525584101
1217000340,285654.30411566043
6430500086,440434.00436383375
5634500234,532093.6949212864
825049073,501337.58772378287
2391601445,1070335.7074824767
7881500330,462346.3534674371
1721801591,166905.73657880884
2473390710,300860.19506021054
5634500891,356203.7912104912
5515600163,422864.6158388491
2560805630,238454.57515327417
8078350280,624811.1431115399
9477201060,379520.51917679893
8827901350,723420.9767356005
3560800040,408279.70924154116
3034200370,533171.9469531825
1328300040,327087.1058932143
2483200010,605623.6879443387
6071800480,423171.64198374306
6200017,198825.90291346505
8149600065,893264.6853057042
3362400615,479914.4304353693
7518502945,542200.346267377
8001210120,268860.54609024874
8682280340,458312.5760076791
3623500408,2592794.3288418483
3764650070,462459.79357712966
7937600380,390288.66455099935
923000580,688897.7353310558
217500005,425377.37891794386
5419800510,254637.21553641517
8562901250,576752.5603887201
2212200100,270107.9132711304
2310100240,352118.7404521401
8582010240,650157.7960259116
8651410670,208552.54311868438
3330501645,287044.7920444977
8113101232,363623.8512301228
7849202190,303572.78771862586
1864700300,315842.5184255186
5231000060,280595.3667391408
1565900070,227039.34977949897
7555220140,692646.2495172258
7518505160,530106.6124142255
3322049005,792796.6146509749
808300550,427266.02313886577
66000265,432313.9167018465
2880100675,415182.06731999025
1524079156,377807.03244165384
3625700010,1628045.7685562868
3259400024,333279.42500424996
3205000310,361870.00302344625
807800190,266963.29979587084
2783600210,461429.25820989267
9290870040,798158.6261097203
2561360120,419827.37112936686
8857100180,415930.65250159876
4388000070,220704.68498064158
3860900003,977371.6969451464
1176001119,543338.5104843591
6084600330,234670.29009281937
7985000100,223163.951130806
8026200080,359293.93265416083
3210600010,797568.4972328402
7558300170,537688.7564776585
7852180340,472146.09914241376
524069011,714410.9085172917
3361401011,138607.5009594464
6117502455,310974.0604014123
5602000025,221868.3653767758
4142450490,288754.3005535244
5306100255,387186.1377003776
1795900120,539148.1894926629
1193000280,836641.5403559593
9238480120,540596.999174846
3630200780,959194.4443373174
1250201130,472612.3210653326
7796000095,1296428.3177702744
8635760040,516837.87967557006
9476700135,330797.3583899425
5249804510,518091.6857411842
40000553,263961.59361727507
3204300625,849306.133630474
2596400050,407506.6918440985
2724069103,318703.3293170207
3744000040,487563.0395165379
7525100590,481392.689004113
3705900292,424683.1078986522
6169900790,1589577.0627883323
8127700735,1046121.7494920915
3761700067,1201750.4804608342
6065300570,877491.2251294302
4022902050,474600.1242263142
3886902590,573371.4190636497
4107100190,2114013.3323273794
2909300150,678758.7262214611
384000135,494555.29359185626
1005000036,486472.9793382587
8856970530,296220.2888194872
3448900320,592649.0634924701
6713700100,388148.8315958459
2260300060,2336846.4356635814
7273100026,609192.2002218433
1277000020,900570.2170601549
2620069113,425654.9168777018
4166800080,319000.86471462296
8731902680,269379.7340396857
2599200830,233872.15412277207
7569500010,669455.2808442969
1825069031,700337.5523940845
4443801495,623840.0813373778
7805450110,747701.1196109286
3345700207,508733.7906600472
1560920450,1123497.4717712768
3629950010,460273.6003399643
3782100035,279773.3197556951
5561400340,831759.3964086202
1898310110,271013.3040606821
2122039094,705792.6192550828
631000040,539550.1167360487
293000145,366652.8069418316
8121100015,383066.4013125348
3205200430,358043.1872756208
2475900565,329200.4313735908
1651500040,1850895.8594405388
3955900500,400864.7974538732
7907600100,276694.2083806877
3123039136,333130.64261581027
3972900735,277201.6085602027
1424059130,443241.8903321147
6792200282,253498.9373421437
910000104,265353.60187760036
3751600784,322754.0345848799
946000295,450513.36164718197
7749500070,300347.91167351004
255550070,323186.60860251193
5151600340,319625.52029487386
5415300060,478492.7113478157
287000110,579457.6807782387
7585000110,190563.57085805928
8121200460,518188.0908656448
6891100090,889298.3636137631
7575600100,316367.5059943719
4240400140,626015.2546765553
4046500510,330048.44757257844
2944010240,1079086.3332586002
3449820380,551764.7911474722
7203102140,336912.19239210006
8665900291,556212.8707426421
1775930010,418702.73327399
1118001631,1268285.410686129
8911000445,350040.274807189
117000100,603281.487382133
9284800085,513891.5653829653
2795000080,488641.7645059338
123039207,300010.558417545
1312200080,240097.05001352448
1236300290,1330801.4018630113
7549800168,434062.6773260021
6891100260,848926.6698523764
6072000910,559193.0704515581
3226049184,363197.4613515265
1442880320,520757.16784893617
23500190,576586.2087709996
6021502070,520434.649331173
4168000110,188429.5457770932
792000006,178731.86152407984
9558200210,248189.58980114377
3840700757,639675.8455382101
3876311650,586169.5764651326
1328320800,342107.6671404417
5006000170,247129.51030330439
7575600430,282254.4354259245
7686202580,194323.55395971367
2524069097,2677600.8103303215
4292300024,353429.8043857415
2726049071,323729.9228165796
3526039019,766749.9631249213
3300701365,437482.15110513
1274500170,203745.1657097724
7282300095,279791.9648583389
8562740440,714894.8990427331
3761100045,3012127.909787925
2877104265,866450.6416382046
7940710100,524405.0130881377
6071000030,797962.1316744232
6448000100,1475796.6128507226
2923500230,3222096.806607769
6751300375,479490.96584594576
7214810350,458174.962825944
1088800470,580755.1503166377
7129300420,228982.50041032903
6149700405,327320.78142278286
9521100855,493902.3604180667
1861400116,726546.5182557836
2787460720,233066.21438636247
6073240060,624831.8723234633
291310100,463107.68516019575
1247100035,1057895.3788139368
2626069030,2224082.9764780835
1326059085,566231.8436755831
6447300265,3773698.7615159936
8651401270,190916.53233517543
3524039209,847749.5158229694
3226069049,1181573.940716047
7548300425,460829.5322666706
1438000360,497370.1979593082
1777600900,754888.9243263584
5244800695,541122.7144788723
3387900390,262114.90068622972
1954700615,1186338.7414257356
1026049036,304614.31679544057
1683500180,223732.03496885597
1939130420,651391.6225126771
2021200530,996880.7976861187
993002325,436910.46589177364
2780900220,284460.5960376232
2540800390,482920.9001311296
2919700540,658225.2478131329
2787250090,521674.47443869704
8651442520,255861.89893764677
100600860,206368.0995585774
1437580480,962011.7720171176
3886902505,611315.9901691681
173000140,431191.0198534368
5151800045,686319.9051070513
3010300240,541038.3792920539
2085200261,291781.3544773025
1839500065,263678.40442959144
1049010300,386830.33789092855
1328340540,282627.118698629
8887001625,451764.94072485826
5332200320,721056.0840026885
7137960030,274402.3937000497
5468780250,331625.2994822091
2436200715,647085.4805040377
5137800030,315069.0284605468
1068000520,1265014.442840836
5379805121,414992.4680217916
7445000105,481243.41053734504
7942601895,772345.5957249461
1727850350,1035852.3431127605
9407150310,320791.8251845819
5569620550,753208.8706846193
3179100480,485603.6190758229
3624039111,207969.01497074036
7844200050,269566.0460302187
3304040020,402305.2882082631
7739100155,654187.1165214202
6099400053,198282.27720493032
7468900270,197003.2986108844
396100025,372232.0838085665
1160000255,383868.97100426315
6300000320,416870.5088002893
6392000570,437157.9051446214
7387500235,287817.05500626354
1121000058,547730.0266833733
9828702120,582532.5179509133
7715800310,476615.5272805503
8562740370,696534.4031960819
5637500070,415780.0151023371
5561400470,584420.5929725103
1189000205,439617.35582043236
2412100025,403500.95038462704
1073100065,335696.4099136957
5160300020,570153.5566101719
2770601677,473824.4709048478
5104450070,461671.3620757227
820079043,402957.3314552967
751000190,363475.0571938013
1823049179,403381.71636063844
7430200060,1265643.489719889
3331000035,503210.655358898
1775910370,579319.1297683858
3626039299,533189.9635213357
1546600125,641233.9268563685
3260810150,330965.01339168317
6817800330,369123.93642996036
414100045,394836.1596840629
1326039061,375758.21303825744
4055700030,1277047.0495610312
1225069038,4991007.881835791
2296700260,448650.3452101108
2822049160,222714.92192371754
3395300260,521871.4281176247
5144000036,340518.4855663095
809002290,884992.7659434315
7334501410,339786.97849982773
421049114,193475.09402615376
2623069010,869586.3796334733
1133000144,554945.288207972
705710290,325560.3214980292
7313200120,584582.85039211
1269200150,290802.92643354804
9264930970,298972.53377187176
6819100020,2160517.2673046
5112800421,288792.548073344
7846700850,278966.07403764356
7227501450,247061.89655902333
5451210150,574502.3936684963
4140900140,448799.26452365157
3537900180,812800.3967222443
7738500475,399574.1999656887
3541600450,393858.7872789315
5379800040,354154.39956615417
6664900330,251067.7582805792
6056100312,388626.3417723159
7766200013,451291.70357401733
8651720470,459643.56589245447
5690500095,943586.3464121028
5423010180,759074.7511757253
3204300610,582704.6016390015
3425059066,549519.1951683635
7856660130,963424.4207545334
2954400520,1172488.52890824
2327000110,870955.9074058561
9526600340,684200.3173622668
7695500200,433637.19711295265
7237501180,1181359.0474999715
2008000550,291734.27553754294
1123059126,576834.2634754058
1775500371,800902.5493395927
3459900230,1713494.5474090083
2619950310,502171.71835524257
1771100330,317788.71352468914
1321059097,322630.9509857988
2420069278,314961.26204833796
3832050570,305645.08411938284
7132300525,436972.7543916824
8691410700,740997.6709451565
7967000150,360481.1404865398
1328300810,363786.6080176585
711000110,1248572.903480947
9485951460,444448.6248487507
1771000970,335846.5389996811
2817100900,261004.01906987384
6817800630,416426.379742193
3558900450,500200.50900666683
7215400770,369492.7094056726
4222000320,205859.98871445766
2791500270,247482.45444767174
424069018,893314.4542764286
9547205180,679650.232022183
5631500947,517236.9617346105
1425059193,1045447.2387163743
567000775,440861.976359477
3904900610,525862.8684509036
3649100346,417492.14211087907
1624049228,478639.4648063949
1559900080,352371.0693953606
2919702040,573953.8917870123
4013800206,201208.13478152902
1025039292,1227850.0506638987
2771604640,681165.170927525
7203600550,414859.2571538595
1545802830,258701.26054651025
3303910010,607153.9758741
8617000060,826318.4937956382
7889600190,252586.11906527274
3325069064,498101.4504300076
6300000337,527238.1096633128
1172000150,339424.35020340874
3348401319,398459.16139904514
4188000490,850312.5772738387
7779200355,637231.9908580388
8029900110,447648.54291718715
4060000290,223177.23493845316
9475710040,385133.612012924
798000535,294604.8080114991
6415100410,457653.4173631977
4299700095,344999.734535337
6117500955,443152.29885829537
2421039075,259385.49191850715
3362401935,511877.89371231815
1545800205,284048.9743569998
7645900235,746835.5859889727
4141000060,1334053.6365772695
9485800050,629100.8840502728
2436700280,807415.3734975375
7335400400,235033.71785894517
9294300495,755797.3419419236
6649300190,463262.277678335
7950303270,359477.60634403786
2391601010,432032.36908421403
8129700728,588649.5274490013
7871500685,676833.1117160841
1498304065,504140.9452856941
3862710010,448409.7700886389
9209900335,580397.5242753759
952006857,312977.124934793
2322069168,610140.333741493
1775801090,488277.1970276892
5700002165,537376.8748646731
4029400080,393246.7377140184
7796100080,956134.0185587573
9279700150,1916811.9648461426
3876200060,439904.60855992127
2934800025,304068.836315996
9359100101,963788.7435989247
3330500335,289116.43767703814
4027700466,373861.68854029727
3204800430,425694.93786660023
5415350770,693525.6261784285
1443550020,486192.7043210366
2810600022,267141.2605738262
1238500281,505397.2849941683
2591020140,481589.54673659714
7137900960,228471.47383916008
1328340630,265470.57124190487
3529200190,330133.72963614785
1624049291,858619.714111816
4083301120,599441.9588198243
1873100060,643986.7330212581
1773101159,237336.1757544391
7214700350,499490.8469668886
3856902250,606550.6960875511
7169500130,501330.56873543723
4038300010,440124.8219442519
9578500810,425875.4118560284
3345100184,422483.9431155327
452001860,466044.9521833289
7905200037,537774.210857572
9376301110,480922.19109477795
873900240,294615.5193068539
8682262400,408027.56815202406
7227500910,162347.65408045414
2392100090,475987.16232976824
3221079050,514648.2982562793
4307320280,353895.53400700085
3211270170,526786.8922945074
726059483,706037.6919047667
424049043,737247.7519439642
6865200140,622622.6442231245
1155640050,426249.25120830187
4139430250,1297486.549147406
818500100,173829.62896833324
7999600180,209587.12863773422
4099501215,841814.6575232429
4046700140,405367.1918006869
8857600490,214228.35340559742
8677900120,499016.2390071238
5379805253,204640.83386202026
9211510410,271936.01804678986
2337000150,264500.6422130834
1423049029,249103.9502819006
4036800580,484146.295563263
3942900010,400051.30099092174
3438502715,419115.00919000496
7625702441,389432.4382646939
3905100610,483629.42975087505
2218000335,500883.0673847066
3034200516,415520.022030541
8024200625,378145.57089564763
8564500020,345812.9888920316
9550202700,524943.0134994489
7518508625,615597.6665154085
1822350070,395036.3476668116
8921000040,802699.6390962983
6648150090,1613914.289933794
2402100675,748754.2173249545
42000127,329810.63238768035
5100401160,502651.27090689
7347600507,231101.51492068215
1839910300,364748.80331447645
1250201550,793408.5456060314
9460000010,297147.77203143726
3356402232,196277.7381741892
6819100150,667568.7807118043
8645501330,269845.1937197176
1556200005,843559.281747324
40000228,195165.31535025884
7300410010,379810.4495632758
4299000030,364429.6101753263
2629600016,545395.8704709245
662310900,372777.3988673136
1909600046,495206.39950473874
7893207490,207725.659155038
2524049318,1883858.7261815805
924069210,749709.0877724421
1591600527,314394.5480861725
98000060,1389507.0402765898
6392002020,625048.836029163
2719100400,474684.00006178644
8018600655,481927.91184435703
2141500020,467344.6174865305
3277801580,508927.6906704171
7237500110,1151286.9931327314
626100023,548156.4934686313
4319200820,360047.36345067626
1422029138,555181.2082086018
9517200610,367006.6634472131
7334600280,284620.47223866417
8820902400,584826.4077659146
8944600060,512700.14992202877
100100050,309255.87561621214
8074200100,248639.85787017358
1836980240,787289.3594779168
6648500440,325606.81249077484
9530100225,607079.387123412
2883200875,644739.1576328407
4218400175,1023532.5009449356
1022069183,595931.5424503394
6398000171,473722.22614678583
5021900160,655268.2108623347
8078410250,569760.0976669956
7972602490,330789.9584810901
1962200435,790538.1304410105
7221400285,281843.08938800165
273900030,248917.63743342896
2708450020,597769.2979585946
4083306616,450363.6575097034
3034200435,600173.8370035609
7855000550,1524377.0632370766
871000155,649840.2395303785
8024201714,518993.995147559
2625069038,1534529.7949028334
2324800350,850235.3673151213
5450900010,1351804.5084993588
1822039225,489864.38108875667
2460700700,268388.57564275834
6679001060,299484.41556239105
2422059111,332257.35028424347
1250200345,296544.86593293626
5589300370,311558.97314913274
2021201000,1397076.4675577404
4302200336,257203.97082164674
1328330290,346035.1165668918
3438500781,376380.50090422085
5453700020,675857.3682794048
123039147,368563.67194981885
8691310070,920180.2480537265
6450303785,327522.9926182324
114100234,476076.3747886034
9212900820,497742.76650658954
4270600025,318771.8245194807
7201600190,483341.90648476215
521049227,1230590.9649035847
6300500479,430742.1908112233
1432600100,220300.94375837335
1024000109,387019.0045105432
1430800100,339220.0350729471
9164100125,586997.869821423
1925069183,488102.76984269544
7852160080,931938.7961851112
5317100780,1647165.0748416947
4083304835,567706.456674529
9478400080,769661.6777204104
4463400195,229386.5723972147
4232901525,528988.798879744
3845101070,397640.04140818806
1843130980,296288.70560499217
3810000480,343225.25455959374
7137960440,275476.65028592356
1231001115,336855.98419881123
5101405340,451049.2869512785
3723800409,594656.6869022148
8651430370,206257.95754297258
6135300010,230183.35876570758
23520380,472427.3903719619
2935400100,555761.5441012318
6137500320,951021.7580697648
7841300230,301839.62673134817
3521069051,463719.10839917866
2621400080,303396.425989663
5104530240,375109.90589183423
2022069200,443794.9775689976
5469501850,504935.38452126033
9206950110,336240.16906537494
3298300210,377932.6164444881
2810600015,356035.77746513434
7298050090,451156.3193375412
7202290620,477158.5020787094
3211290370,474346.7685065222
1591600506,386192.6165119529
2827100070,373413.24477755965
2482410130,407381.6497971253
4364200125,393495.2806045847
6388910730,560274.6913615651
7436500120,548131.9513787177
1822059156,817292.0880964916
9432750190,495258.0739935619
2205700405,468710.9703229079
6056111370,357608.5967888413
3205500160,410288.33294310846
6139100076,361974.5590336498
723069135,401238.29857668496
4123830070,320071.3349858016
2472920740,477904.9624739688
6134500220,655065.1543763047
2734100395,209745.47189776675
3574800090,448540.5359524354
3126049107,548514.2173231274
669000210,1116077.7080926455
1139000620,316629.20425652177
3825311190,744813.1743739693
7300400320,384422.214820992
9407150250,287403.4735672339
3679400503,325378.2913263881
641900050,433349.32255934714
9169100130,544879.2034154112
8091800140,351205.8153666556
9547201155,545222.9846978695
4154302045,285265.9155632673
6638900265,780403.4540544417
1423069063,424398.7408699707
3335000025,487642.1094710419
9269200650,281861.40083972097
1781500180,326234.253179509
9211500520,246072.77558632407
1853080150,862395.0139447293
2767704756,468073.23347651237
2206700295,442723.6315740034
2557000380,317516.21186863945
11520200,774856.0840309089
3832710680,249206.73103345098
2569500210,327042.3542905535
5230300210,240702.1379782497
6447300225,1528033.3678482352
5035300325,1079074.9886979605
7853301660,785290.2258087316
5411800250,408344.0541638304
7203210170,725812.5352000527
4302200415,281359.3845201627
7942100290,221237.6875812284
3629860160,779538.032508513
1423069076,624794.8294168991
525049085,591062.9268632771
3306200230,213082.45247670994
2193310300,422384.1290706603
7978800621,296605.35459637345
4027700632,446963.2961284327
1761100190,214124.22771915674
2749600245,522378.28403330495
322069141,471047.998053538
1900000035,193171.75874380206
3361400190,210071.15380855842
1604602050,580311.7210073542
9421500160,458772.6760169196
7788400180,318349.7294872882
1566100625,497789.5348231586
3861500340,226864.60117807105
2524069072,312242.47166602797
3013300980,426843.6798258738
4191500130,600725.7349483508
9407150130,312642.90397644753
3904902500,734284.4397472454
9510900140,233180.65313670307
3368900084,319522.9378087605
3432501415,306804.4818892973
4254000540,454993.9629235231
2767603250,543754.1164436104
2923501130,652023.4002047064
9183703045,288631.8734097757
5279100675,314162.32188728475
3905080310,514115.33453443047
2461900375,702541.7609040126
3346300356,563227.9661268977
1865000110,386909.1638353114
9264930400,297028.50411214505
3447000100,658249.9877894184
2313900510,506245.6024478068
7518507330,594344.862166844
9368700270,193785.41278525617
1137400420,385704.5836438162
2023069054,308172.99136474583
2141320230,591276.7664451383
9536601295,445016.1135279972
2424400130,365279.23360989674
5210200081,458606.56933106435
4443800785,592280.1334332752
7292700005,557232.0528872211
9834201205,306963.2874388644
3275800050,284364.3720654721
6926700654,676400.0662728
7511000140,1435923.2008965006
6821101895,594669.5445704849
8964800695,1196124.4066915063
6821100195,632164.2756362008
1226059105,644225.9053174595
2806300070,1391225.111407197
1720069029,393736.36570686655
6384300020,461150.9284942259
8928100125,622009.4250064476
8562770720,570539.0361504033
8650300130,910791.8906602864
2126059172,434363.86377794325
8812401450,790054.4185594113
6646200280,657798.9489357026
4021100045,556912.6097619926
1155620190,434241.54234302713
6061000010,332275.87846390443
3362400472,390801.3722805711
9558020240,488214.79641569976
7309100270,538035.1205471416
7137950210,316015.94924266695
7849200635,227867.78882151705
1311200460,250101.47395792857
284000095,1038960.0572718957
1509700050,320698.32026151
3438503014,260623.1047717645
9406450090,346385.83098569425
5096300140,463569.009969838
8923600020,1249602.5079389242
809001070,730490.1665455729
2291400342,322181.4356536378
644210020,912839.8110189423
6700390090,250146.83358817123
5631500285,806920.907394758
104560120,266480.6008232544
6413100311,398301.70711048396
2558700090,449387.0677508604
1471590060,715938.3744945548
8914100170,555586.2562859984
5652601035,348915.8636394374
7852120140,767188.4780005355
6163900952,367060.5098660267
5215200050,863848.129000851
6352600490,734253.9804638319
3912000020,550423.1938580032
8830400135,236966.0006563686
5467500040,437375.35476465756
9406570300,406605.56436966767
109200390,217525.82183485493
2025770310,853685.1551711701
1939120450,685357.9241397178
7524900003,3065406.872932435
3755000120,365597.1517478506
2473002850,565989.8676801826
7625703945,392378.70347437094
9477000190,422653.93570118013
1727500230,430177.30290955515
7011201087,475580.05934791116
5561300750,481935.0594694149
3969300030,200092.42968215595
8097000330,318006.8656530013
2025049064,702039.8514752812
985001321,238800.37673703188
1775500050,484053.52549936075
8849300160,389787.0669957277
2316400285,463604.28225409135
2423020180,614170.6401089361
7128300500,565083.5795000001
9512501400,447412.98684463877
7200179,186127.7402095491
5490210670,504990.1942098282
9527000330,637604.4483474448
1972200326,509664.562507975
4151800195,607347.9113696619
4046500320,388666.11282872205
9834200885,449901.36362856766
8161020050,581119.9759359568
2891000750,220003.4566318562
3426049031,1355068.2787061476
7387500195,295871.89039800403
6303400395,162526.88027234626
638100015,355136.4943577855
4107100204,2257415.691804548
537000255,174078.47638411555
985001266,296844.2848568153
1137410040,455392.10990041983
7229900250,245069.43372914245
3905100840,505055.17424941016
8100400160,660638.0979258467
1346300150,3161588.4079765496
1443501020,211133.81690946454
5490700035,362027.4914862652
1954600050,518148.91420988756
8122100690,469965.1243273641
3663000070,479817.8762111451
5101406375,434841.9032646966
426059055,670930.4066634335
9268850160,390550.3993268255
8731800840,256838.62232150906
3331001910,319096.2555807847
7603100020,905526.5462568916
809002705,801883.8657616131
4364200075,246066.29262310034
1113000430,183986.18210895947
1176001117,604920.1857790223
3320000212,390935.3272792859
9286000150,1318128.7933130786
301400830,234212.4444951466
425059024,673844.9807323455
8835350300,546321.9130636549
7100000135,306692.52224322216
7696600240,218350.33512739342
9808640320,967318.8055742336
3764500180,516214.723784552
326049060,591906.8963951641
4017110200,452733.0195378039
7224500300,286122.262129321
1560930050,499014.9052640586
726059395,447086.4051779305
8964800890,2507367.1571408426
4045500620,638125.1241316469
8562710250,934889.2169695754
1775800710,353950.02015003294
9528102865,840440.2209451979
8096000060,616973.1095613583
1591000015,267540.9243815224
2310000430,287178.02531509823
3902300350,637407.0382323978
4068300280,267735.2738504121
8732130730,263312.0309124349
6791100410,529128.2465296582
7660100236,370329.4078137232
2568200070,857271.8574523247
7697870310,264368.62458545505
8562901100,669320.9773793715
4016800120,372742.36394093285
7338200180,542198.3840135562
6791400320,247394.76775927888
616000200,447548.089023535
2917200675,470401.6626374049
2926049086,649965.523694873
3621059048,483859.4469172105
7987401095,733212.1169118477
5589900590,415842.7970078727
855700170,533777.505871255
4030500130,307704.06988346955
1755700060,386769.3704576694
2413900050,751877.289324253
2489200250,478897.52434974874
420000085,240844.63538321276
8106300820,446458.0521617062
8651730580,439745.840254636
8106300090,421709.618523377
9842300095,577839.5355861243
9477000280,407250.2218354099
2877102495,406951.58095926454
868001030,1106448.3767788543
8564860110,524564.2636163619
6762700452,565493.3241800092
3294700310,207861.98258295318
7231501665,233640.97344323978
7525900050,557657.442759982
7882600326,1669614.7371518333
104550690,275433.8592945845
3425059076,1504863.91283902
8835770170,2298492.7312261756
2581300010,1125639.2598948334
844000180,241305.26457494198
7888100240,249380.34621552352
3845100670,508709.58811993623
4027700812,469882.31794786785
291310390,329179.2748798738
9550200370,622172.1726291801
2328800130,309894.2329622266
2372800100,249012.005468012
2923039264,667793.8785844428
9282801720,317675.6222679777
9520900230,591232.9062516598
985000955,288502.62624738924
1099600090,253392.1300877945
9211010320,515000.6584943219
3825310820,793984.0878398841
9545240180,570538.6979483046
87000245,226538.3190283603
5041300100,572502.167180677
3624039150,240911.22755163017
1370804430,561713.4208411481
722079056,447348.1546970923
9126100815,502197.64556160005
1770000490,385164.35812140384
3995700250,422390.9995065352
7214820400,408327.81805323024
2473411130,358726.95997977135
1824059079,982341.9575678817
3080000030,579758.319757573
984200540,320358.59615885274
524059063,1759001.339681052
9482700475,762617.475197144
8024200820,500532.2301600569
8568700015,354387.3916845535
1223089050,345897.8127787759
2205500400,490872.7470817746
1279300085,656632.5784490095
7376300085,474126.9136394801
322069020,456462.41183649766
291310150,331003.09137389844
724069059,2066509.2958068473
5255200220,402583.4598914343
1931300850,475068.85593585944
4427100105,391852.2241699475
2881700231,350158.3198226406
8641500280,264068.7459114177
5406500440,656821.9161487358
8078390150,708065.3918429065
8945300090,211835.5793148769
8819901030,866357.750331869
3179100220,766571.7823367142
2126079046,307248.8457407865
2621750350,309346.3229515754
4014400190,418635.6822141522
7853420110,580270.1849984116
2114700368,331153.041108537
3438501081,277474.18197518546
6850700670,800287.8779100085
3352402272,224124.77019860575
4157600150,613766.0199235623
8151600941,269413.11806754966
5160300030,570722.4978176504
3820350120,331978.29312685214
7338000800,193485.1113377583
3359500110,811598.7180174254
8016300240,614462.0999279161
7203120050,788260.8377048754
3322049201,245808.48225228777
7231502505,205960.85108893362
8106100105,3040339.529335957
3895100039,864441.329531162
1001200035,224004.28567458483
2724201202,210450.29156477255
4038100110,531064.4200828469
8827900015,625683.0178683263
2644900109,385233.7857123949
302000375,232707.8267154073
1604600095,423469.27626069926
2600040160,622097.0747767293
2129700525,308481.8554091069
603000555,436500.363009753
4083302225,846781.374214443
7298000090,413378.7550696825
2484700015,511724.50215140835
8945100320,195639.050333632
5112800042,432961.6208396431
8091411100,291461.49179793877
7375100070,464372.8480070236
7577700061,570250.1535975419
7923700030,450604.51028232515
4235400186,358768.1371503601
1498303700,802722.8568889052
3876312350,403150.2836294141
3797001815,450243.06560967426
868002015,1505522.0718828035
597000550,442936.53998971055
8956200530,440258.72531155875
2207100165,492628.57554905745
7942100180,219913.1098501985
2468800040,339861.4317450086
9842300036,479827.8861762252
5700003985,2084794.0349749918
2988000070,342261.295920037
8857320260,574753.4769683927
2600040130,557501.2805545555
6632900452,671714.3833847957
7518505910,547575.4912025274
1672000170,589505.4203568144
2597800010,571848.8109038693
8562790720,748300.3975679365
4219401080,1839845.1899889926
7000100711,973916.4934919218
7954000125,521547.5075066203
5700003640,1949876.993299967
5700000275,687674.6322427349
4019301205,510075.7357996135
8943600360,286065.6899313526
2954400400,1240105.6934896987
1321400060,265837.77049220976
2255500123,604703.1239949613
2781260070,429012.2700954387
1313000220,739749.9270611717
1125069153,1448357.588008073
8899000310,264534.2035050237
4139450360,882208.5617331708
5511600315,559922.1821244822
3575302575,550341.8118254843
3226049054,465860.5720871256
274100090,311012.2766794006
1545802080,259179.76538364074
6669020500,307643.33051278675
3307700405,547632.2223071414
3760500407,2031576.453389059
7853270100,715863.3769421107
9320350020,587575.5452553544
7715800430,466845.48065537005
6791400100,377604.98198208766
7708000010,364480.6825042469
1448800010,259004.97931064924
1782500035,329694.23140707373
3449500050,514440.3563462448
2856100515,817535.3506015858
1245000461,973546.1087894143
1219000043,273678.43278192304
5409800110,381238.3768212631
2680700010,643888.258808425
8143100350,378660.8350131191
2597150270,278283.2709069573
2966800010,302753.50528225425
8854000010,720431.9464861695
2207200635,457335.2190129924
1722059222,295680.4797039009
9358002305,391435.9742789204
6392001950,505047.65731235984
3630080070,374233.5597616883
3797001702,942855.93867833
8127700440,643633.9738211748
1446400785,206917.5595214142
5016002275,922029.9069552178
2818100060,1191277.7233489195
6431000748,405803.6220450844
7972600450,328037.5500066556
8078570380,311326.04012592963
7889601320,193053.4165436315
1762600280,895304.5529131006
3026059085,1519539.0117692004
3475000080,619665.7795450125
1370802620,608940.8485602343
5151600285,308391.95016399346
2722049218,357435.3488922993
7696300080,405801.65527078835
4168100020,226067.33092609493
1474000050,449975.7642899552
2473480350,327883.8673386227
1139600270,278584.8319586306
6699940120,357014.350777786
7016100120,423358.91727955197
6752510010,771204.9521363685
7915100490,592834.3370084605
984210170,304222.32677648595
6159400030,453558.82855804224
3013300968,342769.0140746223
6404600006,258377.42527355874
2770602170,425557.5520560572
1922059401,233800.47205941594
291300010,321320.8894828628
3856905185,531240.663865452
7304300905,303205.77907460864
3416600185,594623.6037809285
1786810040,715622.2115806022
4354700010,392375.3021268523
3902100175,813443.9368523016
4305600360,542095.661456151
3622069114,624103.0783092745
4376700570,652060.1138309825
6795100589,611769.2968754803
3344500085,461597.95609835675
2206500105,432158.7948753916
8731900880,384671.87317390036
1682000160,203001.94975391388
5104200380,242182.08543602203
1982201595,582850.7857850782
795002190,218174.93059035557
7228500375,530534.9242274656
9412200280,387084.0275941567
5071401000,1070778.1931894103
597000566,334370.8986848012
8151600101,198000.46436564132
2028700265,489180.28090554086
1670400090,155898.91005530575
7851980100,1107014.6072088315
5595900345,423311.1175786571
4046700300,412727.41212076106
4324210120,266694.0513816182
2616800050,549482.555416219
1525079069,710790.1836897469
9828201020,568509.2443250185
2723069146,618325.1425773182
9468200100,586703.0590043908
2883200961,550620.4459227032
1137300690,688466.350228928
2473100280,369206.95704382035
723049448,246795.22945441958
3066410810,697682.8770907538
5700003280,1005599.1318648491
9268200440,411829.7835777866
4053200410,320353.28850365925
1234000704,1130391.191085676
2473372170,425837.39397453854
2523039239,242946.1038524616
4324500490,203489.21127479055
238000244,434333.34753859794
1105000571,392607.64918606094
1771000430,321726.1946366556
666000142,779113.8806070422
3389900800,437969.9436430364
3578700017,583670.438810246
3629970190,747108.4790041755
255450250,343325.97146011994
1154100205,257500.0665534379
3629890190,1049688.7411263748
3905080870,527442.3497292396
8155820110,277613.63153946516
5135000170,769961.9719690465
2464400435,655461.5793546275
9482700080,568072.457530288
318900080,443162.0294854516
9477001410,401377.1109356604
825079019,653932.4800079379
1471701200,406045.2082058452
5606000120,841801.530927001
7853350220,604679.121030565
1776460110,440101.8151726118
3904920980,706804.7786626333
8087800430,616245.9577492847
3298200320,436641.1744125703
9122500080,303923.8087662568
7893804845,328304.6710619134
1370803730,595549.9400829851
8001450170,291745.20752262283
5561400260,680968.9504621363
7308600010,738575.144944832
3524039060,289020.54435744643
7300400150,373141.50865183613
207700050,581356.6931452123
5595900355,249510.3241306655
2652500285,778635.9364934162
6744701310,1776667.9435901775
525069127,1199452.1430993683
3334000050,433070.33726335847
8682220390,674848.6880565707
4038700380,578924.1017139754
8073000265,394239.05621065147
9521100960,759765.234741279
5634500688,971322.001098679
6813600440,442242.42817347683
1072010350,493166.38786506123
7853301700,627575.7551248753
5141000571,262691.70401375863
2013802060,547166.8060659168
7852070210,1383515.4598522685
1402970070,353121.80874772614
2310040020,348015.1885354904
646910560,251707.94791061745
6647400090,436250.07241211314
8682231110,544937.4546543224
4376700330,588676.5813411697
8069000075,735857.416195627
7147600220,221504.51705081944
4142450330,267215.0752392142
5101404698,424326.1074993071
6154500070,988151.2264080575
1592000640,628245.6546456338
3756900027,589291.2362123013
7203220130,922165.6143681856
643300010,481788.7733641998
8651720150,466838.8985917241
4139400910,792187.5358426134
5054800110,330084.82295308687
8835200330,428944.9523121909
7682200340,245682.43805008556
7203600745,441651.5024481738
1895000260,264745.20604336436
7922750020,561281.4525666708
5437200050,406227.95570305875
8732160250,255557.10935099074
1442870440,527800.9425003874
1471700410,293692.3546632753
3204800330,369607.6674971777
1923000160,982102.4353219244
2719100013,360283.72419773886
3814900380,381363.6042772251
326049038,490445.10932061047
1068000110,1118112.638734767
8835800010,1327197.1301467912
1560920200,454410.34193074825
1668500090,696771.632327203
2597530070,845472.2832398905
1139000035,604595.6377050505
8032700072,512552.09218934854
7732300390,699999.6556403534
5130000080,476195.27179744886
9276200890,466405.9832402854
342000036,471180.9625552831
5126300060,471816.9415867673
2331300505,677700.1153845706
8651410090,197836.24149793654
200800330,438714.5529203987
7520000616,283428.41527628014
7170200110,458443.91022120975
3021059155,234837.24072469847
3582900280,1226658.450813464
7340600845,241666.2103360773
3905040060,511053.7614476394
3224800120,338090.8529722873
6021503740,507913.98892945185
2570300130,435495.9459429256
8121100395,461399.71622366464
3356404198,238485.73410579315
3630090050,776350.1140235633
923000413,458639.8895476365
9201300020,1542863.1853281735
1777600210,690657.6624254629
7738500731,3460093.9682261674
686900010,1090970.0210445977
7967000160,357792.0387218948
3413700130,528815.1854466198
7852190290,590560.7908994806
1180007375,744188.7905040866
3353404510,278096.14225276466
7802900380,309760.4889850588
8021700715,688937.5768361995
3205100080,441022.94359486114
4477000290,487955.70137882995
1118001645,1437086.9662380426
7979900806,305106.45461663755
7228500415,620923.4539564241
7212660640,313512.679301468
3826000735,200402.35516195587
7714000250,389404.11950750905
4400200057,680568.0524160751
2487200279,560093.3465763015
7140700690,287895.12899081776
3304300080,581231.3753504123
2887950110,232878.65024375578
3760500222,792318.5722820223
9269200786,391456.11241800536
3734900110,252989.8074403034
5045700400,529107.7867901642
2140950130,442902.50201684784
2612000200,416625.59974232723
8563300085,452833.72534426657
2425059173,687681.3234953949
8091410930,312736.4337039081
9422400035,651069.7056670665
1112000100,639121.6072783178
1323089056,410789.48154030065
5015000596,925268.9705310627
1535204165,525694.6383421293
1438000430,498495.482383094
3222059130,564577.7242524917
1982200330,680772.4414057789
6624010010,255954.5666661347
2303900035,3759503.103910486
259600620,539323.7589729264
6072500490,501054.70986693643
123039633,334087.1403610207
8562780090,279019.4353865274
5249802240,621839.1476837844
6071200400,541453.335872205
826069002,388482.3321519801
2625079030,713571.4897875715
6742700210,1233065.5603924866
9253900408,1613875.6477670528
2560803085,276194.6035261738
1237500540,464522.4289617026
425069020,1086818.581389302
9185700440,2338193.5100544416
8656300345,456957.65100763645
4245400045,274771.4939795264
9834201370,373422.7739375475
7853300770,403502.0469160511
9551201295,513910.038905783
898000220,230122.1130800766
3834000720,337414.29160190583
1245500690,725064.1800548695
4083304190,654832.1598217572
4178300080,742347.9379645978
2960900045,637512.9579777436
1446801030,264008.0489477163
7855800910,748625.0181700354
7853310150,554053.2577410617
8732131090,293053.38423458353
7967600285,481704.8852106301
8651520510,607887.6714187752
5379802650,244326.58074148122
1425059174,521636.8711715821
627300105,894601.745389871
3124089049,414300.1379764882
1778350270,713086.8732441701
8691500410,397067.0447131409
9169600043,477160.04950784676
100300500,285737.9553451909
3221069054,737903.7404233577
4443800385,551637.4125785793
7922710450,764823.286417534
7880020030,690554.5841005147
3288020050,328562.9702888521
4136980090,955997.6269794281
1687000240,324427.02468301216
7812801785,208349.25367211702
1126059144,792369.2150942225
792500260,402314.64088211657
3222049055,762629.9321800177
8635750090,684491.5386781933
2767601280,808685.295527887
5347200162,186730.8855867908
7503800210,260792.08420202418
3394100020,1236536.8414324033
7663700783,420909.6656923363
9454200030,482432.7570370983
3791500050,299242.5586283983
582000185,579512.1076972545
3211230260,411229.34658969304
323059103,347354.13290951704
7297700055,344005.2983419652
1545805460,266138.6907064056
2341800195,277129.94190420693
6648700150,271948.685324354
3860900035,1882277.296404242
1980200236,608101.285598354
1180002745,302346.2196256262
3275890310,686235.5264185962
6840701100,534659.4266407008
8651402750,224168.57604525035
1588600045,389915.26918211684
2422029094,422025.46829007607
1702901500,358893.38879708864
3755100005,520234.54236568935
3624039074,268870.3463828314
7950302995,432930.69452396256
5273200060,595325.6104617657
8025700460,263888.6168231026
280610020,1065810.233751666
3333002450,296476.47834648896
7379600240,532246.0362299079
4058802300,345982.48167834914
302000065,184073.05792773594
9527000180,576557.0755358564
3626039403,352587.55162287195
9510900360,249764.53773684247
2310040230,371493.2688500057
7308900490,641380.6205606393
2206900065,425806.01901462645
324059161,939406.5254956804
7345310100,281934.0372611749
2422049107,400774.42119432427
8146100095,653216.5651272072
87000283,350368.731915056
7937600010,311319.72029377596
2618300350,264984.8729366396
224069102,532880.7060297091
7129302095,251670.0866030758
7352200025,1144252.0947931837
6163900333,340939.50701067306
3528960020,672151.3525866859
1687000220,323369.0332710178
4141400030,586570.0458558862
1822500160,346130.8087860824
5467910190,401867.8867665167
9331800580,270220.3400569629
2407000405,198062.61947408828
5466700290,294927.9027895749
3026059361,449166.4934068307
1523069096,452309.2397781205
3876312010,448794.0979849242
8832900135,834087.0236568954
9238900616,545773.017931319
4142450040,269899.5114507494
9282800065,247208.40151967853
5379800862,315713.23316173285
2459950010,270944.31103409565
4435000520,276603.33348188264
1552800010,295430.92919635965
7549800543,305765.39435555413
9828200460,469255.05572743446
6345000160,1088021.146516614
7129304105,416509.6988237225
4302201005,305162.90186898527
2450500110,834712.1302229837
5166700050,573043.9366234181
1085623710,416904.37594822777
1123049129,284563.5968372481
8566100200,1042888.197634256
1774000780,452922.90661338187
9492500170,848584.1578175041
686530530,643234.3617774518
4022907770,651203.5402368975
6052400975,291118.1786718776
3438502501,464597.7438418181
3758900023,1274106.862492175
1645000580,294368.1252565393
8099200030,252805.57323765307
7635801371,431592.1990012849
3456000310,777322.9289099014
2025059150,831847.6049392867
2624039114,517366.14464530116
3348401095,296664.0268126023
6633900170,478301.26724444254
2600000510,675855.5893722131
9414700020,349169.4904309821
3204800520,360107.38597312314
1844500025,356548.4248648139
4137010590,388263.4099936104
8564950280,502727.13038302993
1338800491,842685.9761410981
4058801702,1264180.110512067
461004720,567134.6022232382
3123059107,567425.0161207778
6819100380,556999.7231196943
1193000390,985382.1198480214
3450300270,303999.0118367423
3110800040,265912.7541399427
1437910090,561035.0011136021
3645500050,528171.7310778169
4338800600,262737.9804289839
2114700530,381633.94089608773
6381500450,355611.5644440653
9206950200,321049.22559667187
4232900940,686025.0637668497
1025049174,988807.5707009481
7774200070,753473.7924853361
1231000310,493084.9777035904
8155870200,312609.2580209344
7935000625,1088587.5238614872
2426049079,348830.5038005765
4037500230,508823.2137322265
2331550120,337713.22320292745
7974200765,561546.143436343
686200510,581563.3255048317
4024100670,472560.9633791639
3834500195,470946.4207262948
3526059115,578263.8464813096
7950304075,353706.0394815787
1386800054,298115.053791172
9834200165,554677.4506804158
6147650300,327105.67479049566
6891800360,583495.8252038951
9170500060,591154.8923916852
65000260,790458.6930177246
7784400130,538367.67120507
7941140070,374190.7993492003
2122049096,187792.40813360192
6003000851,399820.3996604393
7203220050,954626.8257482148
8898700960,315251.8415067027
5245600105,216308.9214040528
3530470190,202264.11639187866
7883603965,265946.0079829192
4022902505,498379.13254278095
3211100240,310765.297729715
5119010090,484137.96743813116
3821000100,262387.96149357845
7301300050,389324.54722249036
2171400197,372544.096178447
9471201175,1662422.072402175
2473450200,399178.3511542095
2258500045,469543.44761602464
1139000400,470934.14338661486
3298701025,213926.85614984334
1498302774,311600.21291922004
9276200190,524850.940988328
2909300240,664971.3945735302
1250200693,591637.860647236
3101500010,349278.4926948549
2557000630,283712.91603028594
1324300091,442870.1460752444
2826049260,471270.3685685317
3342100421,592216.4587788187
3524049083,425724.3183113195
9103000393,1454030.8373805664
3121059033,246840.91884702825
7853240200,613518.2559138032
7950700120,307256.304593315
1822059057,206867.74272733583
1219000473,296472.1337626825
9272201385,666463.1796110529
1336800185,1145291.352126515
9268851630,454101.6236713833
2788400315,252898.19152729536
3529000930,564733.6661730403
5631500967,413877.692565933
2188201010,234416.5704130334
8562970040,810659.1715839142
4415600030,384326.85141713225
2473251170,268677.3908022886
7511200020,518153.8454094799
1163400020,275753.4697934855
5412400180,232967.5261464639
255450400,374484.21035502956
1687000210,323922.1568533174
6749700004,305833.8486156853
2738650030,574421.9916062182
9136100420,718026.6952197577
1924069115,888432.6594854286
714000155,601252.0314759391
904000045,612319.3562660025
3395070640,290764.0078408255
6308000010,646278.7806267765
2695600130,344708.90599325194
3626039279,386195.51704193215
1623089039,288129.928652292
3438501327,348451.496900005
8118600025,398376.8447525579
7625703435,879181.2513949608
1807900300,732740.2377229794
1862900360,295698.6434360999
2768100186,500442.1196755544
2524059269,1019624.2746189275
1126059108,1028643.1454091393
7856610130,796897.0320329021
7203000200,259825.64645876092
3630120700,797292.4669485246
1612500090,235694.86938604436
3586500620,903686.6511881405
5207200360,436897.4534480678
6675500035,426997.29477918544
1781500385,346718.9780595178
1150900080,839236.3574112289
9541600355,843655.6942395964
7525530670,745033.1600446516
844000375,219021.66050346076
9578140180,336042.9813422239
9558041130,337808.96434873453
1788800910,189468.2003629604
9550200225,518237.85472835385
8643200055,259969.88455359847
6143000020,295683.28085371875
8941100095,1084603.8225554342
3630010020,435904.50105651305
2895800610,373532.69020989817
822039084,878827.884008486
5423600080,617110.9080863036
3992700775,458767.2093123924
3816700150,435374.5776376831
4083302485,719099.5587093899
5127000810,343633.20024990867
1725059182,1190527.9275321744
9485930120,389094.11767167936
293850040,573176.5396681089
8731981940,349341.63916085026
3330501545,283180.99232406815
1026069061,733442.3538757376
8121200710,487464.4350079965
3764390100,452613.93293838494
9493200010,320971.77645620774
2902201301,797873.0327504535
3444120130,436555.9782427151
5256500025,512173.9708160774
4022902715,526894.9289326912
871001500,712553.8457641654
2329700440,201414.77906027273
1773100275,249600.7971720309
7852160070,1034180.5913693896
2141330560,584260.0641019574
2505500009,735419.5705577628
8647800150,327287.13652943436
4337000200,285476.91074872843
9264901680,249532.1361695722
1773101050,305867.9248019644
9320990120,311913.84592090576
8856960280,319143.65151013597
5589300585,288247.2121100874
7935000595,975104.9451788231
7203150080,671008.336647596
5616000030,303280.9187046379
825059178,3018090.2482348615
6666830390,739470.165649396
8732900840,617778.7185301827
2095800520,496310.9146806312
1771000760,345011.62625688757
1901600090,373722.0481541488
8857600680,239189.24390201227
4038700830,655711.8043785584
8956200070,421870.86304496095
8081500050,2019000.9390913232
567000755,441448.9378506755
424069264,754584.5900371548
1564000410,842541.8835815698
2817100910,323904.04608710133
3303960080,887524.5463249399
3340401535,209996.02673429507
1622059095,294689.1693784328
3278601940,405883.317268567
7202380120,473155.04754058516
745500010,815019.8062297787
6608500220,403323.57810880995
8024201055,377785.49389317026
8929000140,445681.92279038293
859000160,288884.0539619351
8673400061,428404.840473578
1269200229,1348067.1047262673
6705850300,718116.0358997553
3395040550,313872.3062028017
1697000370,218005.8510929423
5245600120,238044.0883549127
8892900180,223038.80270327648
1794500360,725874.8636230916
2025049192,547575.4434919516
1930301325,895743.3259737119
4217402162,1600612.299915682
8126300410,552001.343035143
3345700215,634450.243236209
2887701420,439975.3322601951
2887701251,490245.98850148555
4036100175,640056.7404068699
6762700515,1162207.1126009065
3192000085,189006.7623759736
226059096,1262140.115550786
9238900855,506513.3372117769
6706200130,305410.6349007509
2744000010,261799.92511277925
7202271060,697461.8901938505
7923200150,584092.0306096172
162500030,333284.85239329387
2571910210,262763.2533559447
1523059105,352353.5739479017
6052401215,287164.66205517255
6626100260,697389.4787183977
8925100115,1209255.9345268423
5459500165,715375.4855851375
7686202635,180438.3361888002
1118001370,1461702.321772072
122029066,616883.4583495433
8039900130,305121.4805948878
3262300235,1318938.6179156331
8860500300,357109.83189297473
8956000250,537923.8672707046
1646501920,543215.0335248937
9284801500,433614.99254766875
1442880380,492212.40699890564
1311500020,234873.96111267016
254000695,346336.36796298367
9477101280,456931.8474159431
9510970530,640601.74620015
6891800500,584771.1776864533
9407000230,312360.34166786884
7202340590,740890.4396394672
8151600590,386679.5030614944
9407001600,283821.99197549
1771000690,321641.6405945503
1525069134,1063499.7790261896
8645540040,290532.8586289034
9414500200,381028.85027741524
7883607645,160852.29748437746
3845100140,338808.5152636483
2726049164,461046.1414981666
4340610040,307706.0570325577
1245003006,1113873.1596847882
1105000373,257319.86564713798
6083000123,186513.39843532778
1777600450,604987.8467237711
9558000100,437795.0901652944
2473002060,340610.88521048316
943100689,347483.23676309123
7544800395,388241.33119584457
1931300090,645838.7639440037
7936000252,586607.7104821156
7987400316,218816.4414634698
5152700060,951308.178626542
1721801025,214779.01105565976
3438501450,318787.7278022341
9222400510,409340.5267453323
1796700160,257142.57003422946
323059208,319259.90401356114
3392100050,188510.7003962625
4038500210,691910.5278668905
6324000090,395312.79674545967
7549802535,426589.9861789755
3343900326,476127.91783937305
5701700640,811357.020300631
5249803185,544475.3434885365
8838900032,942014.2387289727
1237500577,914930.6020821936
8642600090,382531.21332552086
3303100075,455816.4346773567
2133020020,365259.50606309617
7950302890,546633.4120344876
2770601734,599233.3790726115
2538410140,358246.9693006279
8159600360,602487.1107333021
917000300,431605.4145094725
2391600330,376253.6698329773
9285800585,518909.0951802613
2005950050,263553.56166854996
6450301835,362044.1604735555
2473480520,343975.3367080589
2818600010,1235583.2424809511
952006728,317951.53974099166
3422049088,332114.4052051227
3629870420,927911.1480056539
1079350090,285206.5822199032
1509500060,406010.83752391825
4039000050,520455.2199613798
5288200230,692777.9898564034
626400020,765825.9194429482
5457300095,1882434.957802375
5000500055,226309.41046363968
324000530,472085.75446322234
6713100031,431651.43412332097
3316500200,538773.7242664589
3124059006,1379367.3785152908
1125079111,1898089.0751306475
7852020300,463165.57594548276
123039364,221989.54068929108
7883603190,235849.0703235232
9828700900,614029.7055056131
6821100015,633537.9228815291
9522100375,657713.35058363
2420069201,257985.22296211723
7504110330,775792.035174795
475000510,559163.9274614569
2425059074,843123.7245638478
7518503685,495239.3206285581
5466400550,229792.60051193147
7852150720,413204.74821199675
3066400140,657931.014964265
3298400470,550614.2151007226
2902200874,741060.1122785946
9500900110,233764.95371120382
8835200160,345054.14067211916
6056100295,314006.3342519637
1858600042,352768.89475331776
7224500010,292269.26946250786
5457801925,800950.6937856294
7575620750,281138.8740084057
2391600735,500143.2002280916
6192400180,794878.9404459491
5249803870,531488.8440059904
3575302880,402262.9915539526
7225000045,219956.68200029284
5561720180,270086.3652577492
1972200428,513545.1501504405
892000025,173809.4266858511
2944510080,276698.78685609245
2428100100,819983.2976226747
6647400250,484160.065752418
121059038,359755.55104537046
6398000191,513755.2987171623
526059103,265073.379224686
8856960720,290681.9342555034
3832500260,257790.63931192688
1623089025,421921.25077097275
3625710080,1066016.2253251502
6446200060,714383.4972928189
5706200370,449962.2489645647
5515600088,226806.59922063578
8029500360,345536.57175341283
6700390150,242955.06088243483
642500080,431398.66904600174
6150700264,381212.38850416715
2473371780,391153.083394314
3905120540,590911.7555830108
2652501215,757576.8726449517
3176100110,681268.9900872586
7574910650,812357.6542189331
6385800030,292110.02181922883
4443800960,544770.9828756734
8731951490,276571.3713434364
3380900125,353393.25452583254
9828701508,647432.5122267441
6699950310,368198.3006578225
3321049112,402281.28881406144
1824079052,978628.4382291165
8032700140,788269.5485824294
8679600150,605859.145083431
5040800120,932195.2109308266
2026059119,399239.93450433086
4024100951,449487.2282445258
7212650990,324228.9099517013
936000060,335438.4968203784
6181500340,339629.4601504629
1137400050,412714.5598259989
3324079092,465070.68586013047
4268200055,322395.1811215791
6145602240,371293.95378888334
475000176,462239.5711659454
3279000120,266350.1493345894
9392200030,261611.99594001277
3438500714,379263.4998262553
4306500070,315074.2763469582
8588000610,185995.5522807563
792500190,370295.2312476082
2461900850,473081.3262629423
2660500365,366211.8386773991
5451210100,715330.8976879655
2787000040,354503.3522498983
3278602670,268926.6869002136
9528100899,627580.3562720907
1324079085,329846.72188994015
9477001140,406227.9935396208
9521100880,684811.4926701002
7853210060,415276.21323640837
1326069094,470283.0548941073
3420069065,310552.93726271746
5468730280,262590.312824189
5437600140,330080.91092707345
5127000410,336160.8598428346
5445300050,588588.3883833913
3375300360,229951.36495061743
9297800165,557507.0994637645
6021500840,664631.1373609819
4323700230,464677.1913294399
643000110,227691.386147065
8043700105,2672265.2480189605
6824100014,426849.237790083
9542830480,314463.6745187403
736100065,858789.4225723401
2592210510,824104.5071587771
4233600260,1140507.136139257
1266200015,738879.6339146973
2787700060,333900.7573437889
8843900396,385690.47299834044
8029500380,282373.44696415367
5292200010,411423.0720641163
1773100980,355094.3504604629
2886200070,568249.2927171856
8594400110,324425.0787388549
9268850180,325982.1361392645
4141800285,1658457.378444699
3188100007,453199.48690193275
1796380960,258788.4386862553
7202330030,521192.31383016583
8078440140,584190.9388594186
7983200060,220005.11130743966
4427100025,428611.7736915788
2113700510,279734.25937849685
6446200305,685557.4707835863
3425079088,625853.4088473921
3304040130,407816.2178806092
3222069153,285936.21528694755
5127000470,340975.6846732371
7525100520,461974.38910195563
1868902745,866088.9504328824
2920700220,350600.01918391016
1105000780,445346.53434444923
8563080020,841612.0978210508
3630090110,796346.4032857901
856000195,2175770.8080694648
8649401000,262831.8263970828
1315300095,687998.8435713245
6802200670,254193.43004771203
1523069022,319758.1060631302
2624049165,449154.5945977665
1972202080,575227.7159593818
7211340030,266770.7661106932
8850000180,381772.09155916556
2787250080,516284.8772594715
4235401055,505182.41248505824
5226500250,495771.3440387159
3294700421,359142.8620897817
322069180,579774.5555951177
1025059186,501230.53361212666
1923039022,552278.0622933066
1402600110,389304.92979921045
6817810190,418674.9060916807
434000030,641728.7511161199
6056110460,739764.6836582213
4337000285,236579.49340461905
5710610250,595923.3544863677
1049010620,230532.3639794694
5112800234,446794.16315226076
2309000060,528820.6878463547
2985800030,471571.5131916533
1604601570,446762.3312257091
1563102435,778761.004443104
257000105,204030.25512341966
6788201440,780717.5824250941
1442300005,438684.0416519654
4055700784,850874.4665606788
3889100029,769816.5076946974
4139450760,1068441.0601936916
6079500230,639481.8448986848
259601010,423157.89990959154
3980300020,301348.3753872238
9390700100,524532.4548242675
7200001005,482373.6074530796
9264920250,271373.09391905554
8682260470,431681.18252004724
4083303815,826778.5713293529
7383450250,350702.4482654602
253600180,437280.93293799064
1450000210,176329.23231230027
1133000100,473717.6074738876
7511000050,1323332.9443432335
5710600030,537376.3163218742
4178300310,734953.591152295
3041700570,555492.2037764476
1238500978,429768.14675849635
431500155,619732.2664067721
2937300050,994193.4284520453
1352300315,224421.70920453197
3277800823,375508.2571346421
8895800110,990773.9692496068
9274200318,532915.8833572713
1118001805,2300611.4508537548
629810720,821716.8690868537
6852700476,584252.6103478555
7345200650,234386.6135298573
8929000290,455725.2384445266
5506500170,547722.1527710896
8899000140,261504.589899214
4006000423,282089.80703221116
7137910140,224033.7520108231
2423020010,428130.2203515023
40000362,139617.21326801786
1657000070,229291.4822067071
2124700015,235355.4430457098
1887500045,263886.08500627684
6838000170,473357.57202795066
1310910290,316763.1071277334
3599600276,187896.66919165512
8142000080,383229.68721118796
8856971000,270617.3968501637
624100950,728254.8652744737
2767704332,487623.52589977876
405100165,406707.35226669564
6117501755,406340.02844765986
8961950410,327457.5057694654
1523550480,603311.9333504539
6840701160,611309.8856217327
3331500650,274599.5498929263
1862400517,347996.3590219806
9558021000,362520.83310325514
1310800090,221275.79710804805
5104511040,342514.9803094596
522059189,240634.82921167096
3448720020,389278.3926281002
1310700330,278654.7405185814
5649600462,314441.373796673
1853000510,1037717.3729536578
8128700005,271879.73806594475
6352600210,797313.5770143357
3754500010,864210.345761825
1962200475,859114.1760330677
1773100765,261439.4548777463
8895800200,960899.7259591345
1310900260,329923.76626558206
809001525,925034.9153088069
2624049103,315472.9591488232
9191200380,638660.6323768214
6600060120,481856.58231315576
8150100045,260033.44780990534
9558010190,380419.39465167525
4038700930,577792.8243945779
2883200775,659945.4148785269
4036800910,503666.5105310725
8673400177,542439.2426088569
7110000068,956670.1818068431
3279000240,250425.96689420586
9545230280,511492.5667196469
8815400105,612629.2484239643
6738700075,988995.4777286086
8732030490,291039.4379685741
9532000070,545854.4110415298
7752400075,510273.74131653376
3824100051,384484.02275079524
2768000270,531589.444282239
108000127,477847.74794628803
844000225,234159.09280183635
6817850040,934004.506177256
4447300137,985359.5439496342
8598900125,351292.1804868985
5072410070,474085.2468905213
7129300520,214595.20814727162
3830210020,209481.39579203297
4137040250,294296.9064323898
3022079080,675834.6081666369
722039087,249196.55854969673
3924500040,742533.1823997269
2473381090,367942.96255624475
2201500490,358919.9689040163
9265410090,206235.8167136493
9286750100,411169.1209476599
2023700040,658876.8896261527
324000280,610446.0699032311
3814800280,332724.5174115366
7697100030,504360.59515982843
8731900790,368132.49923459964
8044700010,549699.2158908364
6123600100,216416.16565445813
1450100390,172485.46186716342
579000550,459253.92927025724
2459000020,314499.1290556452
5016000315,472218.25878199073
1193000190,784319.2933599286
4038700730,584560.0649023033
1556200265,698466.4693895784
6600410170,190609.7181314246
642800130,785853.1478301145
1043000100,376568.11178380746
7809200055,247709.50604207054
7010700308,1072895.8803947878
8680500090,585063.8399396724
2719100355,639326.0547771419
7905200147,551010.6128515988
271200130,243946.09867929676
326049103,533858.5525787547
8682211030,431303.80865369696
1070000390,1189151.9587016453
8648700450,612187.1586782155
2695600410,467016.3848824264
8562710640,944843.2814518886
1525200060,646306.9557439532
1822039138,697632.2146211807
2767601375,558211.2224337311
3425069117,1602007.6520810686
952004570,362806.61029221246
7625702616,300400.95309800503
9818700430,495371.8435961089
2822059091,300952.10918097245
1775900220,344731.64166982216
6371000079,637485.189447795
293760150,914467.5457867348
1336800880,1294896.1872786332
2771600550,1163883.5623090267
3905040040,515654.85518025263
7787110060,445812.6466355111
7708250040,362197.3178080724
4022901316,501478.08440236485
191100235,932732.4791178684
7852050220,332199.2222084438
3293700480,421029.2792340688
2597450620,1319274.7446330262
6169900580,1675976.3034707922
2767602855,777782.9884022741
810000080,886785.6084310077
6392000625,568222.9212387899
1865810290,284389.40578147594
1568100380,340433.5868982675
5249804760,362909.8191279957
1337801060,833588.1067945407
6181410950,277616.56176154973
9264900660,303590.2492571397
9122001231,589046.801950245
4427100030,395098.5426531057
7334400070,305467.273466243
425079001,644013.0385344296
7436500360,534507.9787656199
1245001295,705491.0324930927
1310500550,295056.5055573342
4047200950,247392.11524977104
9103000455,911591.2736052347
2291400341,322181.4356536378
3876100310,427920.6118375883
7131300031,287142.55449103453
7853380510,665033.019612467
7409700215,638131.7929662791
5248800250,406588.46219761204
126039323,440150.0864876336
6632300207,346682.4354954861
3826501060,277001.8931780431
8024202520,418752.09163856925
3343901401,490054.902509864
6431000005,562481.9671817801
9232900075,358771.3519684186
3056700150,213966.5872150145
5104511250,424354.8923968058
3658700510,629917.3096464062
2895110062,372244.94378874387
7454000990,264770.903714335
4038700680,632682.5673816635
7811220070,603727.8857136002
8091670030,360935.8779004048
3438503045,243630.67573690202
6388900710,486727.96032465756
7956300020,176548.70762232385
1775930440,511911.7996223678
1762600190,879324.5335453628
6600400260,216366.75911395153
8728550150,551647.3519278013
8155500110,625181.5002163128
9169600135,422983.08981623483
1777600490,711983.3828686051
125059179,611959.1668494759
7558700030,3425352.674853412
1702900624,318044.2189064569
3343901403,564782.2429268615
5101400994,375992.2283406268
5547500050,270063.8319381225
1705400350,354701.33277354843
629810800,915522.3511080735
4104900150,545118.1186215882
7888000390,199281.78882267096
4140900270,397293.2942987779
6649900030,436331.24298239214
820000012,470514.84358828876
6151800080,358921.3839908614
7454001060,259703.0702434173
8682262330,414563.8638750719
1566100010,373774.4898297947
1180500070,425168.02232019766
1112630130,384322.671651873
3101500090,490202.936124686
8682310220,681938.0848588927
4032500035,557179.1140364206
1623800440,514494.52647579275
1088400190,215367.92056366673
751000080,401075.8614791595
6675500070,385816.0464146539
2193340140,505005.6222988458
522049074,393640.7839119598
3204500340,269581.4950394064
5104200470,416315.9770119475
7517500611,767692.637406381
2946002140,249735.72691020998
7631800110,1046768.8862887643
3529300330,348132.1409545329
3885801970,618102.0810696895
5456000570,1223621.861651852
4123810090,360015.60813659494
4037000635,514223.81793627294
8079030350,474951.5173061345
1726069060,708162.4383327175
6858700225,249586.60228349388
3356406510,200173.5907921212
5423030040,578324.7391241032
3111300040,452471.4742362075
259800060,493609.97164334584
1972202320,461044.556589969
5100403818,344471.6818816616
1422700040,262747.83187262015
3625049014,2771691.07807261
7852011040,622925.47242122
1201500010,651029.2489791978
7195800009,320584.286336873
9407001320,284313.67600093165
9508850100,644012.6362620293
1328340380,247798.08941132453
3885804305,1031922.7170668246
7128300630,643390.5676111063
7574000080,306680.5517946611
3744000150,464945.0131005954
2607720150,557465.0057714622
7203190110,695273.9831437559
3904902430,655754.6336341997
11501160,747695.5923909727
9209900315,529134.8035322131
9465910030,600616.6785022004
3622069103,627019.8443862116
3288301010,503764.3164894055
4395600060,914421.8684805545
7694200380,386762.4425880117
9552700550,667357.264115222
9264921110,274505.3815087961
6738700225,1037117.8574348136
293620220,777552.9689936622
7525300310,592858.9566522402
3992700036,444797.1147893345
3577300040,450311.80875609623
3812400202,233085.04898890608
2402100055,675878.2909765359
1853080790,860443.3141002619
1994200260,622025.3785660017
1339300025,823615.7230957634
7616200050,532714.2380560649
4022902555,658781.5844482037
9528102110,638129.2376587035
6613001241,1655517.003387731
3205400240,353864.0542062519
6065300840,1797035.0039752866
7852040080,544786.3873993508
1920079039,274021.7628297934
2817910030,436909.0962842004
1563102880,729173.8824103585
8561200110,509582.6948693553
629000605,1216391.4585890681
2781270440,219935.22135485822
6152900273,323750.4936408096
3303950130,368798.91930377943
6411600113,363934.258528044
4055700167,803475.2467297495
291310310,518920.0641032404
9523100550,803169.4304204017
724069070,1044205.5857335774
2408800120,340592.1291301362
7559600200,644032.1203478246
8165500790,404224.75552863354
7856620870,798936.5216177447
1588600040,361633.9687588793
1023059246,501739.14218868053
1938000140,772129.2963432359
6061400160,365125.6797841691
4167300350,238203.97208230052
8649400790,251254.0481954473
173000036,352379.5204659904
225039049,608087.432159041
8043700300,2428994.11219483
3834000400,404393.3329980018
4054530260,1870408.3453184704
8724300010,728138.8291431797
9358002232,390219.70130265463
3298700012,214001.17551544675
1125059071,984676.5022767342
3885805300,486422.5885433178
5315100784,1138850.5052848922
3861400030,875313.1114478463
7202340010,689004.730429164
7272001805,317047.0541468146
2781250230,312771.33064097643
1042700300,893665.9891617108
123039279,199631.15345141737
3760500336,1413354.045194636
6979940100,765248.1772102584
686300880,650904.7102081962
5214500690,434362.8664385544
6021502250,625279.4077202072
1320069223,326877.5811381426
2871000300,785280.2013391182
2724069117,400521.3358560197
1159400220,782534.8802423113
2571900380,274274.9478799259
5528600050,343146.64221198746
7686202730,165870.50488994503
2225059118,813951.5454848263
2558630350,449259.01724025107
3655400060,446880.466704135
9558200080,285310.7108734517
1796100015,605968.6971644461
3378900020,485449.4366789105
5416500040,304426.42791093746
8856004582,193727.11084339177
3812400107,449393.81105036987
6126601445,543719.2425380173
2997800021,450197.8540207763
1211000280,368396.5006429187
766800090,235877.5925087287
3224079005,234895.59064352847
619000100,338096.7546156409
4319200620,391505.6829823631
626059335,486218.2165946524
3340401570,337154.35108855856
7015200800,624239.8900894432
8106300510,490027.5008588796
1446110020,473133.558952921
2872900280,627824.8028769266
8965500320,799286.5957901721
7853300070,523382.24619144737
5652601455,756714.9374952654
7579200915,959782.5892726935
2641400160,398109.4214496263
203900460,444935.1697996945
2998800040,633779.3744509938
7519000170,568439.5691530546
923000425,804508.1294205219
2973800030,217892.51756128087
6430500182,1002540.0348486229
7304301010,378979.1452124246
3861470110,2120878.5449310797
2296500136,655619.4198782982
6790950150,751799.4873583523
8123100045,538124.4399338099
3142600130,618344.9950647526
7137970130,317618.89730614616
8656800190,414695.5187905242
7135300046,245733.97446158275
3629960680,451942.8836400948
1133000385,944748.1321945203
1085621960,305806.25600386644
9542802000,218746.12129049323
8151600973,574000.974825586
7019000050,386047.7402394837
6021501920,664099.0474493755
7399300420,253764.9117642592
7548300731,559226.8816366034
5316100220,1056826.976093619
5152600090,258799.4071568033
1703400470,354140.52532068366
7316400070,271896.2295158439
5561300380,499802.09071798355
2215450100,341631.22229646693
8635750330,661128.3376043816
9492500140,844366.8010661596
5315100393,722631.8112048374
8588000315,201201.19435512694
7524200180,259191.53731472732
4235400255,425281.5972819649
326069131,597503.5653546432
4077800026,863757.6208585558
9477000120,350609.16617033025
5608000590,964872.4013413908
4137050130,290049.94108458475
5249801440,479249.812797548
9264901510,260877.4090180259
5437820250,210190.01304892224
200500410,488419.04424585856
9407111100,278312.6409818664
126039252,396965.1626164372
6141100255,454474.3808206843
3013300830,357846.7892166896
3271300955,856283.8589134061
3021059276,282736.12304648734
9542000050,670335.8005040672
2769600035,919338.4202047796
3824100364,449843.6253247631
1726069202,347742.8369038797
7327500270,296164.3206402342
1189000207,431947.973983111
2472950160,258542.89065703156
9558040050,605306.0027851874
3438503120,362301.75953197444
9407150240,276391.278699416
1370804295,606506.5342735862
5700001100,679660.2192145549
6837820030,342962.88407838566
5411600210,803235.9515221199
5061300030,299052.54920270626
525069133,929899.6098960177
2121000250,354027.5818942533
3179100720,624205.9923238136
2780700050,453808.33509787516
1545805820,280937.61468134914
5702380630,239986.70554130734
9211010260,543436.0763977022
7129300595,283825.8449169812
6802200100,239346.46730105183
3304030140,429324.3299864096
2623039019,1111198.0374319504
104500730,185576.6049499353
2924069132,569051.1060377099
1775500310,645903.024861229
8114000040,283906.37228139327
2011400021,373066.1047704165
7525570020,672619.7310229446
2917200615,420350.68131409504
7697000170,309677.77625293884
7871500070,815034.9553917113
7215722010,506110.32742363575
6300000378,508575.52405771794
7159200005,2197767.4982186593
8946410040,390415.6299971875
3893100327,374224.24497256975
635000009,990792.458990467
2322069116,417767.7047028979
2760200050,334849.19491881237
3432500210,281459.2627275388
5700000245,538703.6931453904
7588700177,364107.3394800159
9178600135,719878.891429259
9830200475,493592.3079631695
8562780160,278704.2042625157
9826701665,566788.143729942
7504010900,700911.950090194
2770606915,438592.56806993304
1254200075,632754.6900015684
2473450430,412660.0437222747
1433290010,484509.9396440943
7586200061,340467.99753690034
6841700070,541159.8307094172
9826701320,510805.7287436367
8943600720,306362.68660932995
6791900260,793457.7937720645
2301400640,735966.804223228
7979900210,368284.0016387082
4037200665,445938.15312882705
984000650,295360.0311070014
2937300060,888394.3328803733
8731982190,277850.69953291223
1445200190,213412.39569271146
952003285,752229.595652428
1402970020,393271.9306865241
2487700274,372470.55062304105
8113101670,431630.8516218722
8682300400,627118.2319751077
809002435,738003.4816866444
4045900147,611974.2905052024
2991000400,268902.4608860829
9456200405,186142.84155847004
5104510370,288135.0330017004
9414610240,491044.5924178141
2111010760,367688.32286148233
1854900430,683681.2359681637
2624300080,787659.8112009583
3645100280,475968.5357260083
1433100010,262726.1745332621
9533600100,1192189.168081161
6743700030,575650.8537547312
9294300070,677433.8509086621
2114700540,238471.36746759425
7853280550,690263.270007663
868000175,690352.9497932506
1446401290,247752.8513890175
9109000050,298477.96824389626
8856004327,281850.4285602086
2329800110,261232.64693763474
3031200230,427565.680218258
7582700075,1698606.4482406566
2422049104,177783.62305250135
9274202885,561003.3464183568
1770000090,419074.11971819657
9500900430,249011.73258751593
7305900082,370116.2063173785
3336000170,398899.9067615384
5680000455,762873.4724179034
9808630210,873412.9682401564
8807810110,504479.7364052177
3824100211,466496.1560753721
3423059153,560186.7010807286
3937900120,466489.762316258
524059323,960603.046806393
4305600250,528653.1385159311
1257201375,587750.8733832306
853600150,1429252.6569490675
2424059174,1769601.636744781
5205000400,296089.7298818957
2658000115,201397.13600167359
3055800020,271882.1589057743
357000025,548048.369418305
5666300010,333001.0907782158
4167700210,257058.48490573675
9187200275,745912.8257606482
2960900040,455191.9814591083
1021049022,235853.6626391016
7750500120,211120.1563203058
7153200160,1186978.4699258471
4406000390,266730.9976727025
629800380,1421745.9717593873
2026049125,265160.70275889797
6117502230,2262288.4333385155
3379100130,445203.86451033107
2472920140,437754.8842490708
7214720075,562424.7154451768
1771110070,328535.35616423644
5127001600,291282.29514249903
6666860210,354412.2913765976
5467200055,380781.43536960817
7819000040,364653.0863209309
3790700070,294601.5686556783
6362900138,368386.26131234417
597000593,400742.82644901087
8032700070,662408.6321278237
9301300215,1122596.9265174565
8902500118,370824.2393293382
6607000095,418231.63939175603
2163900081,832978.0538902946
7732500270,675945.8610905223
3856903515,624136.8239448243
2557000400,290353.5207484272
4386700135,1829526.6195915053
7399000360,336259.05390784214
